tau,q1,q2,resource,meter,p1,p2,p_resource,p_meter,dissipated_energy,gross_transfer,integrated_tracking_residual,total_energy,local_pair_energy,asymmetry,meter_interface_energy,resource_to_pair_power,meter_to_pair_power,q_plus,p_plus,common_mode_energy
0,0,0,1,0,0,0,0,0,0,0,0,0.625,0,0,0,0,0,0,0,0
0.1,0.001245942461,8.315302822e-07,0.9937578079,2.077994608e-07,0.02484194904,3.32284676e-05,-0.1246981782,8.303381301e-06,2.80315544e-06,0.0003104752404,3.109612257e-08,0.6249971968,0.0003099580754,0.0006170229179,1.551854848e-07,0.006163982296,-6.189295399e-06,0.0008816023442,0.0175894067,0.0001550822254
0.2,0.004938603063,1.322878053e-05,0.9751164207,3.305877474e-06,0.04879119084,0.0002635862126,-0.2477154668,6.587700159e-05,2.222050505e-05,0.001218717571,9.814332028e-07,0.6249777795,0.001212223603,0.002379187723,2.435715831e-06,0.01183403276,-4.815980536e-05,0.003501473876,0.0346869655,0.0006077229475
0.3,0.01094633059,6.635353165e-05,0.9443239457,1.65885002e-05,0.07100664284,0.0008773873465,-0.3674573547,0.0002194494656,7.387787535e-05,0.002657828811,7.285942015e-06,0.6249261221,0.002628619407,0.005036486377,1.194592622e-05,0.01656900274,-0.0001552168586,0.007787143624,0.0508296852,0.001322148252
0.4,0.01905572512,0.0002070356814,0.9017858216,5.180150638e-05,0.09069837792,0.002040062538,-0.4823753358,0.0005109650804,0.0001715141987,0.004523244251,2.974940082e-05,0.6248284858,0.004438869805,0.00821556998,3.611491127e-05,0.02001554697,-0.0003447250091,0.01362082879,0.06557598012,0.002242868073
0.5,0.02897791522,0.0004972146768,0.8480591471,0.0001245594798,0.1071505595,0.003886916629,-0.5909881847,0.0009755298678,0.0003262122347,0.006681850711,8.718093496e-05,0.6246737878,0.006492618781,0.01147453025,8.325161377e-05,0.02194125307,-0.0006183306424,0.02084206423,0.07851535235,0.003299526098
0.6,0.04035702859,0.001010510978,0.783844931,0.0002535688417,0.11974227,0.006515026827,-0.6919021979,0.001639594991,0.0005458054639,0.008983617024,0.0002064283343,0.6244541945,0.00862444322,0.01436855704,0.0001608287484,0.02225673228,-0.0009604158608,0.02925126775,0.08927739074,0.004413044581
0.7,0.05278061542,0.001828057481,0.7099783825,0.0004596837848,0.127965648,0.009976591757,-0.7838300947,0.002519439816,0.0008344964539,0.01127476373,0.0004206649097,0.6241655035,0.01067040256,0.01651758054,0.0002737479887,0.02102468452,-0.001339056384,0.03861416292,0.09753989311,0.005502542163
0.8,0.06579172956,0.003033749557,0.62741739,0.0007648277471,0.1314408278,0.0142739939,-0.8656082994,0.003620007636,0.001192705687,0.01341136981,0.0007660423654,0.6238072943,0.01248452234,0.01766663102,0.000422849796,0.01845513543,-0.001709437961,0.048666963,0.1030359385,0.006492438959
0.9,0.07890232592,0.004709095832,0.537229364,0.001190817901,0.1299272637,0.01935678135,-0.9362123518,0.0049341363,0.001617152571,0.01527227596,0.001277077659,0.6233828474,0.01395361989,0.01773046697,0.0006039078479,0.01488729449,-0.00201936872,0.05912220331,0.1055597606,0.007319148992
1,0.09160759592,0.006927869334,0.4405766409,0.001758133758,0.1233311247,0.0251207115,-0.9947702251,0.006442213909,0.002101153672,0.01677019925,0.00198135653,0.6228988463,0.01500904418,0.01681594136,0.0008072925851,0.0107596862,-0.002216247045,0.06967509567,0.1049713001,0.007936796398
1.1,0.1034008371,0.00975076948,0.3387006682,0.002484673368,0.1117085561,0.03140893048,-1.040573371,0.008112276686,0.002635108531,0.01786011806,0.002894282077,0.6223648915,0.01563420058,0.01521836504,0.001018407209,0.006571251097,-0.002254639787,0.08001026828,0.1011993453,0.008321475259
1.2,0.1137884379,0.01322030921,0.2329052044,0.003384541622,0.09526472162,0.03801529125,-1.07308534,0.009900552604,0.003207131914,0.01854420747,0.004014652304,0.6217928681,0.01586713676,0.01339144578,0.001218902031,0.002836906401,-0.002103519288,0.08980874632,0.0942432009,0.008473695916
1.3,0.1223045569,0.01735613825,0.1245387832,0.004466914828,0.07434865671,0.04468974077,-1.091947887,0.01175244055,0.003803783859,0.01887288458,0.005321805248,0.6211962161,0.01579793615,0.01189382186,0.001388570988,4.152793125e-05,-0.001752214079,0.09875502457,0.08417285808,0.008418812458
1.4,0.1285250832,0.02215100304,0.0149766954,0.005735024063,0.04944408349,0.05114563652,-1.096984479,0.01360390136,0.004410845782,0.01910357865,0.006774925847,0.6205891542,0.01556115671,0.01131834021,0.001507739862,-0.001403573992,-0.001214248387,0.1065440823,0.07112767314,0.008205393685
1.5,0.1320804874,0.02756752644,-0.09439724916,0.007185296733,0.02115644891,0.05706878583,-1.088201207,0.01538322411,0.005014092135,0.01933645147,0.008314878734,0.6199859079,0.01532401625,0.01221265495,0.001559880865,-0.001197866166,-0.0005284677441,0.1128881932,0.05531359395,0.007901668916
1.6,0.1326672017,0.03353596652,-0.2022089217,0.008806691569,-0.009803445232,0.06212794061,-1.065785108,0.01701311935,0.005600012244,0.01941738238,0.009868640208,0.6193999878,0.01527141872,0.01500112606,0.001534142598,0.000820734934,0.0002428519456,0.1175233873,0.0369990055,0.007590336489
1.7,0.1300572126,0.03995308459,-0.3071117801,0.01058025687,-0.0426387582,0.0659864272,-1.03009997,0.01841308024,0.006156445121,0.01974005543,0.01135608349,0.6188435549,0.01558920146,0.0199181848,0.001427474296,0.004660085744,0.001018869806,0.120215434,0.01650929508,0.007362153704
1.8,0.124105596,0.0466822178,-0.4078042324,0.01247893546,-0.07648832755,0.06831454739,-0.9816797165,0.01950194394,0.006673100173,0.02060615713,0.01269856105,0.6183268998,0.01644713683,0.02696225209,0.001246051135,0.0101712233,0.001707627316,0.1207652213,-0.005779735381,0.00730882201
1.9,0.1147557864,0.05355461412,-0.5030462245,0.01446763272,-0.1104501777,0.06880235399,-0.921219513,0.02020057852,0.00714194774,0.02215581124,0.0138284637,0.6178580523,0.01798322984,0.03587705361,0.001005771377,0.01705908548,0.00221536888,0.1190134256,-0.02944945859,0.007515733037
2,0.1020424327,0.06037204619,-0.5916748304,0.01650355629,-0.1436061613,0.067172384,-0.8495647582,0.02043461612,0.007557473952,0.02448420282,0.01469875186,0.617442526,0.02029071882,0.04616401627,0.000731689937,0.02490551829,0.002456781935,0.1148443794,-0.05404684224,0.008055146313
2.1,0.08609176179,0.06691067872,-0.6726186451,0.01853682798,-0.1750470444,0.0631919243,-0.7676981694,0.02013715021,0.007916803713,0.02763220985,0.01529137457,0.6170831963,0.0234089243,0.05712572018,0.0004563669083,0.03320250358,0.0023650583,0.1081890632,-0.07909351396,0.008980328676
2.2,0.06711944102,0.07292612143,-0.7449107989,0.02051136019,-0.2038973379,0.05668439009,-0.6767251804,0.01925131523,0.00821970273,0.03158170052,0.01562353127,0.6167802973,0.02731872853,0.06793655451,0.0002172313199,0.04139270106,0.001900652721,0.09902716688,-0.1040952737,0.01032110289
2.3,0.04542599821,0.07815955882,-0.8077004386,0.0223659811,-0.2293391844,0.04753941496,-0.5778578995,0.01773266852,0.008468474211,0.03625587452,0.01575089062,0.6165315258,0.03194304211,0.07773324479,5.317643891e-05,0.04891383031,0.001057713103,0.08738818543,-0.1285518498,0.01208113652
2.4,0.02138992857,0.08234480875,-0.8602625418,0.02403578498,-0.2506346422,0.03572128221,-0.4723978868,0.01555129955,0.00866776787,0.04152588997,0.01576714775,0.6163322321,0.03715216418,0.08571521285,7.000556182e-07,0.05524316286,-0.0001326286553,0.0733515362,-0.1519666942,0.01423716201
2.5,-0.004541321187,0.08521612752,-0.9020059625,0.02545367689,-0.2671457518,0.02127537013,-0.3617180227,0.01269359777,0.008824318673,0.04738495512,0.01579965082,0.6161756813,0.04277351287,0.09124314317,8.996999099e-05,0.05993846657,-0.001602607262,0.05704570263,-0.1738566142,0.01674016724
2.6,-0.03186224124,0.08651654841,-0.9324796287,0.02655207461,-0.2783518385,0.004332337659,-0.2472437441,0.009163619554,0.008946630728,0.05377456705,0.01600122586,0.6160533693,0.04860483048,0.09392388127,0.0003412232296,0.06267212639,-0.003251946442,0.03864643121,-0.1937610472,0.01951844503
2.7,-0.0600217193,0.08600651682,-0.9513768442,0.02726472506,-0.2838635811,-0.01489016041,-0.1304339264,0.004984004954,0.009044618736,0.06049975565,0.01653873336,0.6159553813,0.05442968694,0.09367094679,0.000761892337,0.06325581445,-0.004955488536,0.01837402653,-0.2112507965,0.02248225194
2.8,-0.08843673032,0.08347256724,-0.9585376718,0.02752858838,-0.2834334726,-0.03608836908,-0.0127616841,0.0001964071016,0.009129216207,0.0673409601,0.01757925845,0.6158707838,0.06003393691,0.09073240684,0.001344795514,0.06165393285,-0.006573690597,-0.003510193379,-0.225936061,0.02552971256
2.9,-0.1165068801,0.078735777,-0.9539494042,0.02728573941,-0.276962399,-0.05887600424,0.1043046426,-0.005138589681,0.009211957054,0.07406864371,0.0192751284,0.6157880429,0.06522174307,0.08568137073,0.002067631742,0.05798502264,-0.007965029771,-0.02670820311,-0.2374736123,0.02855352233
3,-0.1436294052,0.07165972955,-0.9377451528,0.02648523503,-0.2645021744,-0.08279048482,0.2193200631,-0.01094207318,0.009304535789,0.08045873967,0.02174913264,0.6156954642,0.0698298584,0.0793685497,0.002893899083,0.0525113355,-0.008999138451,-0.05089024572,-0.2455729944,0.03144795635
3.1,-0.1692142225,0.06215772497,-0.9102006114,0.02508489516,-0.2462539841,-0.1073017316,0.3308808349,-0.01711792371,0.00941835179,0.08630780268,0.02508136973,0.6155816482,0.0737390523,0.07284070651,0.003775214711,0.04561771261,-0.009569386363,-0.07570037534,-0.2500016441,0.03411568445
3.2,-0.1926986192,0.05019898918,-0.8717290731,0.0230529466,-0.2225628019,-0.1318233599,0.4376414657,-0.02355443316,0.009564045036,0.09144677044,0.02929905303,0.615435955,0.07688184694,0.06723289449,0.004654873815,0.0377817301,-0.009603654599,-0.1007624547,-0.2505888582,0.03647392405
3.3,-0.2135611923,0.03581365426,-0.8228747996,0.02036948134,-0.193907962,-0.1557260173,0.538330622,-0.03012639005,0.009751034107,0.09575234867,0.03437037802,0.6152489659,0.07924607107,0.06364567499,0.005472356006,0.02953768996,-0.009072204034,-0.1256864895,-0.2472285577,0.03845952668
3.4,-0.2313346626,0.01909631061,-0.7643048626,0.01702768491,-0.1608901707,-0.1783525511,0.6317657689,-0.03669758525,0.009987071594,0.09915521582,0.0402032092,0.6150129284,0.08087410631,0.06302060708,0.006168385567,0.02143741661,-0.007991812097,-0.1500751779,-0.2398808291,0.04003268559
3.5,-0.245617229,0.0002079664153,-0.6967995899,0.01303479541,-0.1242153427,-0.1990346267,0.7168663921,-0.04312368067,0.01027783665,0.1016444822,0.04664891451,0.6147221633,0.08185806087,0.06602795194,0.006690086971,0.01401094289,-0.006425709968,-0.1735305537,-0.2285722454,0.04117906221
3.6,-0.2560821657,-0.02062370952,-0.6212417665,0.008412760428,-0.0846757334,-0.2171103677,0.7926656771,-0.0492553731,0.01062658828,0.1032681159,0.05351120305,0.6143734117,0.0823314261,0.07297961693,0.006995756592,0.007730039253,-0.004479260369,-0.1956606007,-0.2133949986,0.04191024805
3.7,-0.2624854209,-0.04310594081,-0.5386047486,0.003198565894,-0.04312891073,-0.2319425514,0.8583205485,-0.05494177663,0.01103390535,0.1041293423,0.06055935159,0.6139660946,0.08245802673,0.0837779472,0.007058798085,0.002977181459,-0.00229173219,-0.2160857242,-0.1945048962,0.04226259741
3.8,-0.264671029,-0.06688422313,-0.4499396586,-0.002555780789,-0.0004751672193,-0.2429368628,0.9131199962,-0.06003394045,0.01149753937,0.1043793112,0.06754478558,0.6135024606,0.08241924723,0.0979072944,0.006870440337,2.200839488e-05,-2.490971473e-05,-0.2344449672,-0.172118297,0.0422945754
3.9,-0.2625742124,-0.09154751117,-0.3563618357,-0.008783622489,0.0423659872,-0.2495597001,0.9564916428,-0.06438841446,0.01201240324,0.1045521878,0.0742196507,0.6129875968,0.08240059533,0.1144707394,0.006440966355,-0.000993351311,0.002150417777,-0.2504018721,-0.1465080794,0.04208285745
4,-0.2562221145,-0.1166351425,-0.2590367183,-0.01540437934,0.08447959077,-0.2513550257,0.9880065289,-0.06787077314,0.01257071353,0.1049345167,0.08035580654,0.6124292865,0.08257864841,0.1322694124,0.005799318155,-5.944414532e-05,0.004068836742,-0.2636498948,-0.1179987517,0.04171748622
4.1,-0.2457321704,-0.1416453783,-0.1591653375,-0.0223246223,0.124978591,-0.2479597701,1.007382117,-0.07035900835,0.01316229475,0.1055390877,0.08576261315,0.6118377052,0.0831093284,0.1499170815,0.004991093256,0.002704750202,0.005584232116,-0.2739172916,-0.08696082572,0.04129643392
4.2,-0.2313081899,-0.1660453926,-0.0579695977,-0.0294394758,0.1630261551,-0.2391173284,1.014483535,-0.07174670448,0.01377504342,0.1066285084,0.09030197279,0.6112249566,0.08411828061,0.165978614,0.004075097771,0.00706468105,0.006581976056,-0.2809714127,-0.05380458465,0.04091993404
4.3,-0.2132342857,-0.1892824983,0.04332247975,-0.03663432363,0.1978563198,-0.2246887313,1.009323102,-0.0719459146,0.01439553672,0.1082909215,0.09389932262,0.6106044633,0.08569391223,0.1791180083,0.003118754659,0.01269034435,0.006988283711,-0.2846223475,-0.01897338012,0.04068493491
4.4,-0.1918668451,-0.2107963586,0.1434913828,-0.04378678434,0.2287924225,-0.2046611268,0.9920581902,-0.07088966309,0.01500975784,0.1105724647,0.09654962782,0.6099902422,0.08788340083,0.1882403059,0.002192770439,0.01918185534,0.006775919165,-0.2847258819,0.01706340281,0.04067999376
4.5,-0.167624789,-0.2300318996,0.2413404406,-0.05076891544,0.2552628248,-0.1791532774,0.9629875048,-0.06853400987,0.01560389805,0.1134766796,0.09831786451,0.6093961019,0.0906917346,0.1926119973,0.001365529519,0.02609840493,0.005965792076,-0.2811857411,0.05381757703,0.04098087629
4.6,-0.1409784118,-0.2464526134,0.3357097076,-0.05744959991,0.2768135204,-0.1484178502,0.9225458568,-0.06485962178,0.01616518585,0.1169666456,0.09933396547,0.6088348141,0.09408361616,0.1919465257,0.000697706241,0.03298842911,0.004624380892,-0.2739551051,0.09078944909,0.04164706185
4.7,-0.1124371292,-0.2595539244,0.4254892543,-0.06369706322,0.2931173143,-0.1128403626,0.8712975368,-0.05987280935,0.01668268705,0.1209696503,0.09978268256,0.6083173129,0.09798786813,0.1864449869,0.0002375594035,0.03941888421,0.00285731145,-0.2630373966,0.1274750551,0.04271928084
4.8,-0.08253649007,-0.2688762801,0.5096317289,-0.06938146624,0.3039793597,-0.07293473307,0.8099283895,-0.05360600038,0.01714801812,0.1253838535,0.09988925394,0.6078519819,0.1023038332,0.1767867507,1.73054652e-05,0.04500172902,0.0007997711442,-0.2484863528,0.1633732223,0.04421813863
4.9,-0.05182481995,-0.274017628,0.5871640672,-0.07437751655,0.3093389465,-0.02933547501,0.7392367051,-0.0461176358,0.01755591753,0.1301744104,0.09990211054,0.6074440825,0.1069091707,0.1640700077,5.08624124e-05,0.04941603729,-0.001395285482,-0.2304054045,0.1979923535,0.04614381123
5,-0.02084987482,-0.2746449501,0.657198236,-0.07856704046,0.3092675458,0.01721333649,0.6601230448,-0.03749148798,0.01790462818,0.1355279815,0.1000740854,0.6070953718,0.111668416,0.1497076014,0.0003331271209,0.0524245688,-0.003570009234,-0.2089463945,0.2308568458,0.04847673952
5.1,0.00985412733,-0.2705045408,0.7189409127,-0.08184145848,0.3039632212,0.06587210757,0.5735791255,-0.02783541562,0.01819605585,0.1413158834,0.100643682,0.6068039441,0.1164416855,0.1352883612,0.0008408080456,0.05388407585,-0.005574417126,-0.1843076749,0.2615130689,0.05117920212
5.2,0.03977874272,-0.261430742,0.7717020097,-0.08410410928,0.2937416226,0.115722479,0.4806758852,-0.01727958371,0.01843568493,0.1473563607,0.10181791,0.6065643151,0.1210929686,0.1224179692,0.001534696102,0.05374908202,-0.007277909991,-0.1567316318,0.2895348429,0.05419761482
5.3,0.0684524792,-0.247352883,0.8149019709,-0.08527237052,0.2790238758,0.1657864144,0.3825508606,-0.005974189676,0.01863225072,0.1534562251,0.1037580146,0.6063677493,0.1254975353,0.1125557495,0.002363132942,0.05206930756,-0.008578580675,-0.1265016887,0.3145283726,0.0574653872
5.4,0.09545062379,-0.2283002131,0.8480777764,-0.08527952981,0.2603217674,0.2150471821,0.2803950008,0.005913250868,0.01879718654,0.1594232173,0.106569136,0.6062028135,0.1295481028,0.1068643925,0.003266338842,0.04898130765,-0.009409598603,-0.09393884551,0.3361366078,0.0609061629
5.5,0.1204034729,-0.2044046615,0.8708876058,-0.08407636482,0.2382207008,0.2624717329,0.1754390471,0.01820099517,0.01894388207,0.1650777527,0.1102945604,0.6060561179,0.1331595171,0.1060884368,0.004181200405,0.04469521401,-0.009742266049,-0.05939781005,0.3540430151,0.0644372782
5.6,0.143002769,-0.175901312,0.8831141232,-0.08163239844,0.2133609569,0.3070339356,0.06893960699,0.03069646871,0.01908680458,0.1702632781,0.1149148143,0.6059131954,0.1362718247,0.1104744399,0.005046095847,0.03947771668,-0.009585674856,-0.02326278284,0.3679747574,0.06797328957
5.7,0.1630062023,-0.1431265353,0.8846663592,-0.07793680245,0.1864178415,0.3477381026,-0.03783495213,0.04319988588,0.01924054647,0.1748545976,0.1203514304,0.6057594535,0.1388517146,0.1197414797,0.005805353155,0.03363258218,-0.008983214973,0.01405704734,0.3777052903,0.07142944343
5.8,0.1802398969,-0.1065137777,0.8755801794,-0.07299893137,0.1580813228,0.3836422237,-0.1436186609,0.05550801223,0.01941886835,0.1787636974,0.1264748408,0.6055811316,0.1408924008,0.1331053899,0.006412990413,0.02748007791,-0.00800646579,0.05213223879,0.3830563932,0.07472498536
5.9,0.1945988607,-0.06658706577,0.8560173387,-0.06684847652,0.129035776,0.4138803302,-0.2471620325,0.06741798213,0.01963380792,0.1819428054,0.1331155346,0.6053661921,0.1424120919,0.1493545083,0.006835471014,0.02133666164,-0.006747212006,0.09051800828,0.3838996603,0.0777862295
6,0.2060454408,-0.0239523412,0.826263137,-0.05953523921,0.09994043854,0.4376834264,-0.3472459483,0.07873108583,0.01989491946,0.1843846285,0.1400774067,0.6051050805,0.1434512476,0.1669693056,0.007053309761,0.01549620714,-0.005308449926,0.1287592656,0.3801574807,0.08054932928
6.1,0.2146058837,0.0207132031,0.7867227007,-0.05112853021,0.07141115531,0.4543984577,-0.4426952196,0.08925644166,0.02020869805,0.1861199255,0.1471521102,0.6047913019,0.1440688654,0.1842736454,0.007061477873,0.01021388072,-0.0037952803,0.166395722,0.371803543,0.08296270544
6.2,0.2203651569,0.06667356565,0.7379159301,-0.04171621117,0.04400394498,0.4635048323,-0.5323917027,0.09881447378,0.02057822771,0.1872127568,0.1541332343,0.6044217723,0.1443380638,0.1996020997,0.006868664348,0.005693568937,-0.00230652282,0.2029670272,0.3588628979,0.08498909681
6.3,0.2234602389,0.1131478906,0.6804711622,-0.03140340097,0.01820086196,0.4646280706,-0.6152868436,0.1072401218,0.02100307451,0.1877539098,0.1608292316,0.6039969255,0.1443412451,0.2114660668,0.006495547493,0.002079498182,-0.0009277475857,0.238017891,0.3414116124,0.08660720274
6.4,0.2240721264,0.1593256283,0.6151176127,-0.0203108774,-0.005601448064,0.4575502273,-0.690413532,0.1143857168,0.0214794261,0.1878732707,0.1670742148,0.6035205739,0.1441651238,0.2187015834,0.005972305256,-0.0005476052455,0.0002737797407,0.2711031522,0.3195760466,0.08781288434
6.5,0.2224168456,0.2043825646,0.5426766724,-0.00857321016,-0.02710018533,0.4422168113,-0.7568971455,0.1201234683,0.02200045999,0.1880957139,0.1727359974,0.60299954,0.1438959012,0.2205836786,0.005335640585,-0.002169775166,0.001251974664,0.3017927571,0.2935317812,0.08861988742
6.6,0.2187357791,0.2474973594,0.4640521442,0.00366333329,-0.04609160705,0.4187400151,-0.8139656671,0.1243475164,0.02255690548,0.1885171179,0.1777210398,0.6024430945,0.1436148516,0.2168956655,0.004625615697,-0.002826756376,0.001982606932,0.3296766139,0.2635022164,0.08906004388
6.7,0.2132856396,0.2878682186,0.3802195196,0.01624306411,-0.06247289395,0.3873981584,-0.860958763,0.1269755167,0.0231377506,0.1890199319,0.1819762524,0.6018622494,0.1433945599,0.2079465248,0.003882577655,-0.002607210646,0.002461963984,0.3543692916,0.2297568578,0.08918290426
6.8,0.2063284234,0.3247293211,0.2922144037,0.02900328254,-0.07624065779,0.3486313437,-0.8973357137,0.1279497369,0.02373103602,0.1894979746,0.1854878748,0.601268964,0.14329601,0.1945349902,0.003144420558,-0.001637000908,0.002703877077,0.3755145324,0.1926093011,0.08905475345
6.9,0.1981216796,0.3573666253,0.201120209,0.04177677327,-0.08748617868,0.3030334193,-0.9226820949,0.1272376568,0.02432467389,0.1898610411,0.1882778669,0.6006753261,0.1433666758,0.1778645091,0.002444372975,-6.558246864e-05,0.002735603683,0.3927895473,0.1524149155,0.08875696745
7,0.1889094106,0.3851326943,0.1080552476,0.05439433607,-0.09638756203,0.2513404337,-0.9367151142,0.1248320756,0.02490723115,0.1902200929,0.1903984023,0.6000927688,0.1436396975,0.1594183361,0.001809430527,0.001948333913,0.002593116018,0.4059090651,0.1095682264,0.08838368266
7.1,0.1789138992,0.4074602033,0.01415936016,0.06668730316,-0.1031990992,0.1944158565,-0.9392875182,0.120750744,0.02546862266,0.1907746675,0.1919251409,0.5995313773,0.1441341552,0.140808075,0.001259480886,0.004250630004,0.002316336723,0.4146291042,0.06449998765,0.08803877123
7.2,0.1683287255,0.4238738203,-0.07941977072,0.07848999718,-0.1082382017,0.1332329175,-0.930389995,0.115035547,0.02600067061,0.191535337,0.1929499645,0.5989993294,0.1448563652,0.1236115969,0.0008070997108,0.006703962926,0.00194479648,0.418750436,0.01767393303,0.08783214778
7.3,0.1573131924,0.4340001953,-0.1715404699,0.08964208637,-0.1118703529,0.06885449011,-0.9101520113,0.1077512761,0.02649749951,0.1925037494,0.1935738146,0.5985025005,0.1458020424,0.1092171664,0.0004579378592,0.009197243812,0.001514078102,0.4181217062,-0.03041680826,0.08787547172
7.4,0.1459883347,0.4375758339,-0.2610809224,0.09999079851,-0.1144925815,0.002411001101,-0.8788410355,0.0989840367,0.02695575152,0.1936752716,0.1939001619,0.5980442485,0.1469590921,0.09868971734,0.0002115773337,0.01165160253,0.001053275333,0.4126421809,-0.07925364558,0.08827735491
7.5,0.134434632,0.4344526865,-0.3469528659,0.1093929594,-0.1165160074,-0.06492310225,-0.8368601174,0.08883934381,0.02737462177,0.1950416134,0.194029506,0.5976253782,0.1483107314,0.09267266089,6.270853684e-05,0.01402233732,0.0005835511431,0.4022640807,-0.1282968248,0.08913823293
7.6,0.1226914894,0.4246013339,-0.4281149596,0.1177168278,-0.118348036,-0.1319537644,-0.7847438117,0.07743996564,0.02775572736,0.1965933477,0.1940551481,0.5972442726,0.1498385956,0.09133467006,2.474725741e-06,0.01629671536,0.0001177482845,0.3869944666,-0.1769901004,0.09054510643
7.7,0.1107584915,0.408111713,-0.5035856613,0.124843705,-0.1203747913,-0.1974920323,-0.7231524524,0.06492357632,0.02810283499,0.198347296,0.1940603314,0.596897165,0.1515254788,0.09436600722,1.983932393e-05,0.0184878873,-0.0003391009271,0.3668966402,-0.2247657865,0.09256640169
7.8,0.09859837745,0.3851913806,-0.572455452,0.130669302,-0.1229443688,-0.2603784803,-0.652864807,0.05144028219,0.02842148035,0.2003596928,0.194116708,0.5965785196,0.1533573751,0.1010236845,0.0001028544198,0.02062557238,-0.0007885879141,0.3420910186,-0.271050186,0.09524723417
7.9,0.08614162587,0.3561613726,-0.6338982457,0.1351048565,-0.1263514632,-0.3195067773,-0.5747691611,0.03715008476,0.02871851693,0.2026294831,0.1942839855,0.5962814831,0.1553245534,0.110219639,0.0002397397953,0.02274452283,-0.001237315166,0.3127554495,-0.3152693853,0.09860537826
8,0.07329248678,0.3214497724,-0.6871818334,0.1380779953,-0.1308238866,-0.3738458519,-0.4898529074,0.0222203416,0.02900163219,0.2051566684,0.1946105335,0.5959983678,0.1574214929,0.120641714,0.0004197162116,0.02487205156,-0.001695098405,0.2791249283,-0.3568553944,0.102628249
8.1,0.05993624799,0.2815831544,-0.731677214,0.1395333449,-0.1365114333,-0.4224601508,-0.3991907365,0.006823282326,0.02927886649,0.2079441728,0.1951346893,0.5957211335,0.159645629,0.1308940202,0.0006335697829,0.02701607208,-0.002173182756,0.2414906854,-0.3952525976,0.1072711835
8.2,0.0459474812,0.2371761158,-0.76686668,0.1394328985,-0.1434774746,-0.4645275397,-0.3039315485,-0.008866368609,0.02955816454,0.2109954412,0.1958864944,0.5954418355,0.1619950072,0.139641535,0.000873952324,0.02915513079,-0.002682610316,0.2001986154,-0.4299244686,0.1124572671
8.3,0.03119897924,0.1889191522,-0.7923505362,0.1377561532,-0.1516935861,-0.4993544612,-0.2052842309,-0.02467361774,0.02984698157,0.2143110464,0.1968896099,0.5951530184,0.1644650834,0.145743737,0.001135443132,0.03123179484,-0.003232807969,0.1556470234,-0.4603604891,0.1180788879
8.4,0.01557106997,0.1375651684,-0.8078523458,0.1345000331,-0.1610374134,-0.5263880371,-0.1045024655,-0.04042524017,0.03015195855,0.2178847202,0.1981631893,0.5948480414,0.1670450479,0.1483636383,0.001414409828,0.03315049424,-0.003830402521,0.1082836726,-0.4860831976,0.1240011144
8.5,-0.001039023262,0.08391494167,-0.8132226172,0.1296786197,-0.1712938835,-0.5452248833,-0.002868749553,-0.05595160118,0.03047867257,0.2216993133,0.1997235288,0.5945213274,0.1697141529,0.1470415688,0.001708710217,0.03478052049,-0.00447822654,0.0586021239,-0.5066552789,0.1300668903
8.6,-0.01870811021,0.02880187427,-0.808440861,0.1233227108,-0.1821597672,-0.5556164929,0.09832216457,-0.07108824322,0.03083146173,0.2257232326,0.2015853582,0.5941685383,0.1724385841,0.1417271246,0.002017275412,0.0359643835,-0.005174460258,0.007137369014,-0.5216865965,0.1361039235
8.7,-0.03747858221,-0.02692361823,-0.7936159713,0.1154792347,-0.1932514886,-0.5574711296,0.197780195,-0.08567722944,0.03121331872,0.2299078878,0.203762669,0.5937866813,0.1751694247,0.1327673541,0.002339609375,0.03653116901,-0.005911865163,-0.04553923265,-0.5308410541,0.1419330232
8.8,-0.05735089609,-0.08240973411,-0.7689849062,0.1062105401,-0.2041159822,-0.5508522635,0.2942369884,-0.09956824414,0.03162584425,0.2341866151,0.2062690135,0.5933741557,0.1778421981,0.1208539941,0.002675234341,0.03631396874,-0.006677100641,-0.09882568936,-0.5338431661,0.1473775214
8.9,-0.07827728391,-0.1368185881,-0.7349096654,0.09559358937,-0.2142442949,-0.535973668,0.3864628717,-0.1126194595,0.03206925041,0.2384754261,0.2091172334,0.5929307496,0.1803783587,0.1069368738,0.003023108057,0.03516993539,-0.007450168529,-0.1520957497,-0.5304842089,0.1522733065
9,-0.1001569445,-0.1893408649,-0.691872588,0.08371907518,-0.2230875478,-0.5131913761,0.4732834509,-0.1246981864,0.03254240524,0.2426757733,0.2123186011,0.5924575948,0.1826889182,0.09211400283,0.00338103906,0.03300109798,-0.008204090065,-0.2047058641,-0.52062782,0.1564789089
9.1,-0.1228329298,-0.2392095216,-0.6404700188,0.07069048241,-0.2300747922,-0.4829927721,0.5535956114,-0.1356813338,0.0330429118,0.2466793313,0.2158813897,0.5919570882,0.1846801803,0.07751101567,0.003745131107,0.02977381142,-0.00890497177,-0.2560026725,-0.5042149101,0.159885022
9.2,-0.1460908903,-0.2857122717,-0.5814044142,0.05662311207,-0.2346322304,-0.4459831593,0.6263826749,-0.1454557078,0.03356721807,0.2503745978,0.2198089165,0.5914327819,0.1862613083,0.06416334528,0.004109296676,0.02553464576,-0.009512647704,-0.305330944,-0.4812677575,0.1624228199
9.3,-0.1696597862,-0.3282026139,-0.5154749853,0.04164308201,-0.2362032265,-0.4028702009,0.6907284767,-0.1539181858,0.03411075706,0.2536549195,0.2240971565,0.5908892429,0.1873532122,0.05291370853,0.004464890213,0.02042066645,-0.009982083852,-0.3520418792,-0.4518931542,0.1640704538
9.4,-0.1932146145,-0.3661092187,-0.4435669955,0.02588631494,-0.2342684964,-0.3544466738,0.7458301384,-0.1609758031,0.03466811848,0.2564273782,0.2287320732,0.5903318815,0.1878980278,0.04433533848,0.004800521727,0.01466241897,-0.01026568906,-0.3955016753,-0.416284489,0.1648571755
9.5,-0.2163811374,-0.3989435246,-0.366639856,0.009497520344,-0.2283658564,-0.3015720099,0.7910093268,-0.1665457928,0.03523325427,0.25862184,0.2336868807,0.5897667457,0.1878682971,0.03868816615,0.005102116804,0.008578490234,-0.01031659462,-0.4351002412,-0.3747226589,0.1648646455
9.6,-0.2387425388,-0.4263054485,-0.2857141781,-0.007370826682,-0.2181089113,-0.2451531131,0.8257218095,-0.1705556169,0.03579971959,0.2601993939,0.2389195166,0.5892002804,0.1872748787,0.03591123393,0.005353286918,0.00256123328,-0.01009284645,-0.4702599416,-0.327575719,0.1642251322
9.7,-0.2598478705,-0.4478871618,-0.2018579632,-0.02455951095,-0.2032040887,-0.186124946,0.8495651439,-0.1729430252,0.03636094847,0.261323784,0.2443706616,0.5886390515,0.1861726214,0.0356504722,0.005536061212,-0.002945946566,-0.009562311333,-0.5004442406,-0.2752972005,0.1631164933
9.8,-0.2792220963,-0.4634749349,-0.1161721215,-0.04190361139,-0.1834654625,-0.1254313728,0.8622843594,-0.1736561769,0.03691055935,0.2627712886,0.2499626849,0.5880894406,0.1846629432,0.0373170641,0.005632006326,-0.007478509757,-0.008707949116,-0.5251661071,-0.2184230469,0.1617540337
9.9,-0.2963774873,-0.472949097,-0.02977552916,-0.05923355158,-0.158826872,-0.0640067184,0.863775529,-0.1726538502,0.03744268108,0.2645027972,0.2555999005,0.5875573189,0.1828926626,0.04016839489,0.005623724623,-0.01058588877,-0.007532965903,-0.5439960447,-0.1575671428,0.1603795506
10,-0.3108260752,-0.4762822064,0.0562101641,-0.07637617676,-0.1293509089,-0.002758471307,0.8540871543,-0.1699057625,0.03795228477,0.266324367,0.2611704907,0.5870477152,0.1810487205,0.04340137661,0.005496675488,-0.01186911779,-0.00606526149,-0.5565696034,-0.09341543859,0.1592480838
10.1,-0.3220928336,-0.473535564,0.1406757546,-0.09315586884,-0.09523443461,0.0574484879,0.8334193263,-0.1653930156,0.03843550215,0.2680104546,0.2665503693,0.5865644978,0.1793487853,0.0462469754,0.005241213384,-0.01101787621,-0.00436053648,-0.5625942352,-0.02671869915,0.1586130812
10.2,-0.3297292268,-0.4648542397,0.2225395086,-0.1093957125,-0.0568103846,0.1158058078,0.8021206598,-0.1591086684,0.03888990798,0.2693173412,0.271609129,0.586110092,0.1780281237,0.04805511901,0.004854685753,-0.007843649815,-0.002503446338,-0.5618553574,0.04171606383,0.1587108363
10.3,-0.3333267472,-0.450460811,0.30076177,-0.1249187248,-0.01454572042,0.1715734742,0.7606830366,-0.1510584367,0.03931474245,0.2699995409,0.2762180336,0.5856852575,0.1773235044,0.0483607435,0.004343390382,-0.002305818574,-0.0006062889657,-0.5542214974,0.1110353895,0.159745163
10.4,-0.3325300537,-0.4306480339,0.3743589356,-0.1395491605,0.03096449997,0.2240893105,0.7097342281,-0.1412615036,0.03971105044,0.2702675393,0.2802598032,0.5852889495,0.1774552477,0.04692433049,0.003724162513,0.005472116021,0.001195111372,-0.539648401,0.180350279,0.1618733099
10.5,-0.3270493256,-0.4057706852,0.4424165903,-0.1531139035,0.07900685254,0.2727760515,0.650028507,-0.1297514223,0.04008171856,0.2714863784,0.2836397005,0.5849182814,0.1786088047,0.04374355493,0.003025353108,0.01519827004,0.00274841805,-0.5181819991,0.248748077,0.165194095
10.6,-0.3166714618,-0.3762368208,0.5041016099,-0.1654439513,0.1287628872,0.3171459409,0.5824353892,-0.1165770768,0.04043139654,0.2738933465,0.2862971987,0.5845686035,0.1809174073,0.0390362069,0.002286975993,0.02642127761,0.003894498175,-0.4899601454,0.3153051561,0.1697391428
10.7,-0.3012697761,-0.3424986973,0.5586730507,-0.1763759975,0.1793257812,0.3568028803,0.5079266812,-0.1018036654,0.04076629833,0.2775611938,0.2882173019,0.5842337017,0.184447363,0.03319794466,0.001559845595,0.03855247979,0.004479334884,-0.4552130531,0.3791002121,0.1754679472
10.8,-0.2808118788,-0.3050435971,0.605491668,-0.1857541111,0.2297199115,0.3914422265,0.4275620374,-0.08551366112,0.04109388765,0.282483735,0.2894404525,0.5839061123,0.1891874514,0.02674128335,0.0009035979194,0.05090039308,0.004367332395,-0.4142623798,0.43922796,0.1822672601
10.9,-0.2553654741,-0.2643847855,0.6440279252,-0.19343151,0.2789228654,0.4208483976,0.3424732556,-0.06780769688,0.041422463,0.2885702521,0.2900698896,0.583577537,0.1950436286,0.02022420468,0.0003835815911,0.06271534601,0.003454959747,-0.3675189331,0.4948130054,0.1899550382
11,-0.2251018577,-0.2210528071,0.6738683798,-0.1992724152,0.3258893315,0.4448905098,0.2538475646,-0.04880532444,0.04176066679,0.2956460743,0.2902753696,0.5832393332,0.2018398639,0.01417767523,6.671601018e-05,0.07324120245,0.001683507952,-0.315478989,0.5450236526,0.1982888872
11.1,-0.1902969569,-0.1755873064,0.694720359,-0.203153974,0.369576257,0.4635163147,0.1629101702,-0.02864558848,0.04211695131,0.3034902429,0.2902923131,0.5828830487,0.2093254584,0.009041108259,1.653028875e-05,0.08177034675,-0.0009503296477,-0.2587192437,0.5890854068,0.2069786318
11.2,-0.1513298185,-0.1285295263,0.7064148639,-0.2049682277,0.4089686105,0.4767447491,0.07090634251,-0.007487360844,0.04249903944,0.3122480889,0.2904157116,0.5825009605,0.217188658,0.005113458295,0.0002877078941,0.08769766273,-0.004387285135,-0.1978904405,0.6262939228,0.2157023521
11.3,-0.1086785189,-0.0804156076,0.7089076725,-0.2046240993,0.4431050689,0.4846574366,-0.02091666948,0.01449061968,0.04291342079,0.3218278473,0.2909885034,0.5820865792,0.2250758286,0.002525391418,0.0009205554391,0.09056914643,-0.0085027946,-0.1337097391,0.656027159,0.2241249639
11.4,-0.06291353813,-0.03177077529,0.7022786366,-0.2020493677,0.4711029381,0.4873895002,-0.1113276038,0.03709005243,0.04336492215,0.3319680159,0.2923845795,0.5816350778,0.232614948,0.00123512378,0.001935877907,0.09012107044,-0.01310945962,-0.06695192009,0.6777565028,0.2319182184
11.5,-0.0146887081,0.01689553699,0.6867292009,-0.1971925929,0.4921816311,0.4851200493,-0.1991287477,0.0600937693,0.04385638654,0.3423698167,0.2949870786,0.5811436135,0.2394417446,0.001047430475,0.003330766796,0.08630625264,-0.01796501194,0.001560463669,0.6910566455,0.2387808612
11.6,0.03527008755,0.06509360986,0.6625781968,-0.1900249501,0.5056840617,0.4780627012,-0.2831728173,0.0832668554,0.04438848667,0.3527146655,0.2991631317,0.5806115133,0.2452265138,0.00165238204,0.005075785401,0.07930492816,-0.02278562195,0.07096785102,0.695614007,0.2444576413
11.7,0.08617822402,0.1123564292,0.6302559943,-0.18054193,0.5110953586,0.4664564747,-0.3623788916,0.1063582234,0.04495968836,0.3626834713,0.3052366661,0.5800403116,0.2496995003,0.002677928384,0.007113964054,0.06951890577,-0.02726388655,0.1403851996,0.6912335303,0.2487558988
11.8,0.1372073609,0.1582417985,0.5902971173,-0.1687648569,0.5080583746,0.4505573711,-0.4357471558,0.1291026583,0.04556636661,0.3719764969,0.3134612383,0.5794336334,0.2526727707,0.003748812966,0.00936189981,0.0575490113,-0.03109034954,0.2089141041,0.6778436944,0.2515585885
11.9,0.1875018397,0.2023336549,0.5433314543,-0.1547421806,0.4963855462,0.4306309151,-0.5023722315,0.1512233363,0.04620306493,0.3803324438,0.3239950839,0.5787969351,0.2540567148,0.004543654243,0.01171309694,0.04415716939,-0.03397699699,0.2756553218,0.6554996261,0.2528328081
12,0.2361960695,0.2442426977,0.4900742139,-0.1385504906,0.4760667525,0.4069458829,-0.5614548983,0.1724348114,0.04686287643,0.3875454532,0.3368806144,0.5781371236,0.2538696908,0.004842442833,0.01404349843,0.03021573593,-0.03568087558,0.3397215102,0.6243842223,0.2526331808
12.1,0.2824324883,0.2836064554,0.4313147969,-0.1202952115,0.4472729295,0.3797693924,-0.6123120434,0.1924464444,0.04753791538,0.3934788378,0.3520304477,0.5774620846,0.2522398497,0.004558105728,0.01621896002,0.01664775658,-0.03602583961,0.4002499755,0.5848072341,0.251099772
12.2,0.3253796668,0.3200889364,0.3679047664,-0.1001109327,0.4103553047,0.3493634708,-0.6543847041,0.2109662424,0.04821984121,0.3980745669,0.3692217052,0.5767801588,0.2493987795,0.003747995622,0.01810422503,0.004362600042,-0.03492046492,0.4564152264,0.5372022979,0.2484505839
12.3,0.3642501164,0.3533800114,0.300745114,-0.07816133722,0.3658402333,0.3159831539,-0.6872441084,0.2277050573,0.04890039352,0.4017159003,0.3880997881,0.5760996065,0.2456672685,0.002603887551,0.01957278943,-0.005808171219,-0.03237038188,0.5074411298,0.4821219406,0.2449690329
12.4,0.3983173631,0.3831946833,0.2307730249,-0.05463869432,0.3144197365,0.2798761069,-0.7105956499,0.2423810812,0.04957189712,0.4057437657,0.4081921579,0.5754281029,0.2414341247,0.001421957787,0.020516919,-0.01316981167,-0.02848366484,0.5526124676,0.4202306209,0.2409871571
12.5,0.4269318705,0.409272392,0.1589483492,-0.02976289104,0.2569379521,0.2412837,-0.7242807739,0.2547245672,0.05022770067,0.4098980402,0.4289318768,0.5747722993,0.2371295669,0.0005569127913,0.02085701052,-0.01721378429,-0.02346844335,0.5912857044,0.3522959087,0.2368655958
12.6,0.4495354147,0.4313764943,0.08623998934,-0.003779983955,0.1943738206,0.2004434058,-0.7282767848,0.2644826887,0.05086251966,0.4137320369,0.4496898395,0.5741374803,0.2331951536,0.0003665862564,0.02054948507,-0.01765377996,-0.0176225292,0.6228987845,0.2791779381,0.2329716084
12.7,0.4656735582,0.449294043,0.01361240883,0.02303973819,0.1278204278,0.1575923404,-0.7226946212,0.271424445,0.05147266464,0.4168160011,0.4698138508,0.5735273353,0.2300525191,0.001154655297,0.01959246986,-0.01444566238,-0.01131552885,0.6469797953,0.2018173038,0.2296565399
12.8,0.4750059106,0.4628359669,-0.05798753827,0.05040418057,0.05846151374,0.112971715,-0.7077746805,0.2753455141,0.05205614661,0.4187676103,0.4886720195,0.5729438534,0.2280732951,0.003119469572,0.01802866291,-0.007789900958,-0.004964571975,0.6631543512,0.1212215986,0.2272341847
12.9,0.4773139236,0.4718377312,-0.1276432672,0.07800234662,-0.01245426534,0.06683193313,-0.6838808022,0.2760729468,0.0526126629,0.41932966,0.5056974285,0.5723873371,0.2275525166,0.006316289952,0.01594497355,0.001883574344,0.0009946264669,0.6711515714,0.03845081763,0.2259614486
13,0.472506026,0.4761605272,-0.1944804345,0.1055076994,-0.08364067813,0.01943803397,-0.6514925527,0.2734695957,0.05314347713,0.4204694718,0.5204307554,0.5718565229,0.2286875384,0.01063857627,0.01346877717,0.01394679996,0.006139197781,0.6708085528,-0.04539812506,0.2260225522
13.1,0.4606199731,0.4756930108,-0.2576780601,0.1325819484,-0.1538021755,-0.02892483283,-0.6111959748,0.2674381734,0.05365121515,0.4233607448,0.5325574896,0.5713487848,0.2315640563,0.01582154718,0.01076089457,0.02761895004,0.01009059237,0.6620732603,-0.1292075067,0.2275177909
13.2,0.441822354,0.4703535765,-0.3164786556,0.1588792186,-0.2216623543,-0.07794622504,-0.5636729897,0.2579248361,0.05413960394,0.4279857174,0.5419366396,0.5708603961,0.2361502586,0.02146835645,0.008005681789,0.04202169676,0.01254356831,0.6450057861,-0.2118552581,0.2304575572
13.3,0.4164052719,0.4600931211,-0.3701972336,0.1840505511,-0.2859919135,-0.1272858377,-0.5096896553,0.2449221944,0.05461318306,0.4342106334,0.5486183443,0.5703868169,0.2422994961,0.02709624664,0.005398871628,0.05624048892,0.01329031424,0.6197779574,-0.2922315004,0.2347619831
13.4,0.3847802836,0.4448982221,-0.4182290945,0.2077486717,-0.3456354048,-0.1765698496,-0.4500834963,0.2284716632,0.05507701644,0.4417959254,0.5528485488,0.5699229836,0.2497611864,0.0321973285,0.003134019163,0.06938711788,0.01223767857,0.5866712976,-0.3692548766,0.2402661877
13.5,0.3474697521,0.4247946231,-0.4600563102,0.229632958,-0.399536113,-0.2253884631,-0.3857501341,0.2086650714,0.05553642845,0.4504138399,0.5550598398,0.5694635715,0.2581990369,0.03630653963,0.001388551003,0.08065895601,0.00941601093,0.5460733765,-0.4418884055,0.2467307477
13.6,0.3050958299,0.3998508953,-0.4952528435,0.2493745285,-0.4467584524,-0.2732948805,-0.3176294429,0.185645465,0.05599678149,0.4596720684,0.5558485773,0.5690032185,0.2672151142,0.03906813319,0.0003104863434,0.08939063368,0.004978792479,0.4984726098,-0.5091545945,0.2538566719
13.7,0.258367351,0.3701821219,-0.5234882713,0.2666613683,-0.4865073375,-0.3198059102,-0.2466914623,0.1596070535,0.05646330413,0.4691519319,0.5559395235,0.5685366959,0.2763778677,0.04029190885,6.879072203e-06,0.09509462428,-0.0008070200492,0.4444515946,-0.5701495652,0.2613038733
13.8,0.2080649554,0.3359534331,-0.5445300939,0.2812034061,-0.5181440636,-0.3644043459,-0.1739222905,0.130794265,0.05694097078,0.4792220758,0.5561401727,0.5680590292,0.2852519515,0.03999136351,0.0005349232967,0.09748816428,-0.007579250808,0.3846790916,-0.6240559651,0.2687119256
13.9,0.1550248168,0.2973832122,-0.5582446439,0.292737451,-0.541198331,-0.4065432007,-0.1003101742,0.09949989269,0.05743442566,0.4900711482,0.5572878442,0.5675655743,0.2934276032,0.03839791687,0.001896476963,0.09650506043,-0.01490596956,0.3199007851,-0.6701544639,0.2757217589
14,0.1001213714,0.2547457833,-0.5645966205,0.3010318984,-0.5553761506,-0.4456518129,-0.0268319975,0.0660623351,0.05794793837,0.5013991919,0.5601932268,0.5670520616,0.3005474386,0.03594813904,0.004036503987,0.09229212988,-0.02231618302,0.2509289715,-0.7078336611,0.2819969203
14.1,0.04424946956,0.2083733975,-0.563647302,0.3058911154,-0.560563476,-0.481143777,0.04555964091,0.03086195102,0.05848537404,0.5128832263,0.5655844224,0.566514626,0.306328782,0.03324415231,0.006845635084,0.08519118182,-0.02933335009,0.1786313424,-0.7365982626,0.2872430785
14.2,-0.01169362036,0.1586573387,-0.5555515017,0.3071594194,-0.5568255257,-0.5124265823,0.1159485926,-0.005683431289,0.05905016097,0.524196454,0.5740555725,0.565949839,0.3105800598,0.03099071542,0.0101667261,0.07570848767,-0.0355091023,0.1039190418,-0.7560754163,0.2912246012
14.3,-0.06682592771,0.1060479873,-0.5405533523,0.3047245673,-0.544401868,-0.5389127805,0.1834664163,-0.04312379194,0.05964524012,0.5350271757,0.5860238715,0.5653547599,0.3132102858,0.02991552058,0.01380497704,0.06447452371,-0.04045455671,0.02773418432,-0.7660191341,0.2937772494
14.4,-0.1202977987,0.05105370147,-0.5189810144,0.2985206807,-0.5236974562,-0.5600324409,0.2473025996,-0.08098290829,0.06027298588,0.5450962406,0.6016981916,0.5647270141,0.3142312353,0.03068156773,0.01754089187,0.05219734647,-0.04386683445,-0.04896297073,-0.7663127592,0.2948163087
14.5,-0.1713078288,-0.005761600626,-0.4912404205,0.2885305405,-0.495269904,-0.5752465951,0.3067136392,-0.1187649626,0.06093509426,0.5541719961,0.6210616989,0.5640649057,0.3137524671,0.03380182478,0.02114513259,0.039613246,-0.045548821,-0.1252069943,-0.7569694759,0.2943397894
14.6,-0.2191173498,-0.06378223753,-0.4578081699,0.2747871945,-0.4598133893,-0.5840613301,0.3610309012,-0.1559616616,0.06163244217,0.5620818964,0.6438698192,0.5633675578,0.3119698874,0.03956654791,0.02439416989,0.02743830874,-0.0454207845,-0.2000402166,-0.7381308928,0.2924266516
14.7,-0.2630631589,-0.1223459874,-0.4192237022,0.2573748317,-0.4181396564,-0.5860421456,0.4096672009,-0.1920597485,0.06236492954,0.5687201763,0.6696637686,0.5626350704,0.3091489964,0.04799256823,0.0270855702,0.01632422898,-0.04352315251,-0.2725254209,-0.7100637617,0.2892303254
14.8,-0.3025682243,-0.1807507431,-0.3760808783,0.2364288919,-0.3711566601,-0.5808281665,0.4521220701,-0.2265487788,0.06313132254,0.5740512721,0.6977987149,0.5618686774,0.3056042928,0.05880163931,0.02905178912,0.006821177786,-0.04001047388,-0.3417581193,-0.6731549264,0.2849680835
14.9,-0.3371501627,-0.2382625628,-0.3290191,0.2121353895,-0.3198454482,-0.5681457859,0.4879857001,-0.2589290224,0.06392912117,0.5781155426,0.7274845578,0.5610708788,0.3016765159,0.07143181516,0.03017146179,-0.000650170847,-0.03513729672,-0.4068782402,-0.6279046233,0.2799070591
15,-0.3664273431,-0.29412504,-0.2787141024,0.1847294472,-0.2652359177,-0.5478213101,0.516941567,-0.2887193524,0.06475447623,0.5816845407,0.7578364009,0.5602455238,0.2977094576,0.08508212704,0.03037738075,-0.005816175478,-0.02923731542,-0.4670810694,-0.5749182793,0.2743478766
15.1,-0.3901225372,-0.3475698689,-0.2258685475,0.1544930468,-0.2083821004,-0.5197921844,0.5387677709,-0.3154649761,0.06560217962,0.585023879,0.7879311042,0.5593978204,0.2940280031,0.09878697,0.02966061344,-0.008556897846,-0.02269762786,-0.5216273028,-0.5148969747,0.2686069688
15.2,-0.4080641019,-0.3978284461,-0.1712025471,0.1217520217,-0.1503376331,-0.4841164053,0.5533371322,-0.3387448688,0.06646574732,0.5878478643,0.8168659088,0.5585342527,0.2909188482,0.1115130374,0.02807051248,-0.008902301378,-0.0159302604,-0.5698520856,-0.4486267529,0.2629986814
15.3,-0.4201847453,-0.4441443066,-0.1154442357,0.08687232523,-0.09213205421,-0.4409797546,0.5606161056,-0.3581787733,0.06733760693,0.5899220215,0.843815033,0.5576623931,0.2886150465,0.1222687786,0.02571068727,-0.007019092286,-0.009343241901,-0.6111729337,-0.3769669751,0.2578182276
15.4,-0.4265179889,-0.4857861616,-0.05932050725,0.05025562739,-0.0347485303,-0.390700539,0.560662587,-0.3734336359,0.06820939212,0.5910740001,0.8680803643,0.5567906079,0.2872851672,0.1302145488,0.02273130812,-0.003189893205,-0.003313436491,-0.6450964514,-0.300837922,0.2533264434
15.5,-0.4271924976,-0.522061274,-0.003548024326,0.0123343005,0.0208964316,-0.3337315759,0.5536226939,-0.3842293593,0.06907233516,0.5913537002,0.8891328768,0.5559276648,0.2870274486,0.1347611085,0.01931838063,0.00221316444,0.001836908335,-0.671223779,-0.2212078519,0.2497371376
15.6,-0.4224245,-0.5523288864,0.05117540396,-0.02643413158,0.07397079816,-0.2706592299,0.5397266129,-0.3903437669,0.06991773781,0.5922896415,0.9066421553,0.5550822622,0.2878689372,0.1356450058,0.01568083719,0.008758140726,0.005858344723,-0.6892547295,-0.1390797239,0.2472076259
15.7,-0.4125085694,-0.5760134001,0.1041789859,-0.06557299744,0.1237419401,-0.2021993787,0.5192836097,-0.3916166867,0.07073749073,0.5942564684,0.9204923246,0.5542625093,0.2897692386,0.1329715729,0.01203642911,0.01598398013,0.008586096154,-0.698990588,-0.05547778686,0.2458328135
15.8,-0.3978070693,-0.592616995,0.1548265746,-0.1045928431,0.1695883584,-0.1291902651,0.4926763019,-0.3879530781,0.07152460414,0.5971652453,0.9307837046,0.5534753959,0.2926282144,0.127219573,0.008597458245,0.02343005812,0.009945143857,-0.7003355722,0.02856576569,0.2456429583
15.9,-0.378738596,-0.6017313802,0.2025236895,-0.1429980596,0.2110079826,-0.05258227317,0.460354296,-0.3793251477,0.07227370788,0.6008790649,0.9378205412,0.5527262921,0.2962967338,0.1192056047,0.005557360051,0.03066274557,0.009948627003,-0.6932969689,0.1120238935,0.2466050199
16,-0.3557657688,-0.6030483726,0.246723875,-0.1802936698,0.2476229203,0.02657525178,0.4228272883,-0.3657734128,0.07298147852,0.6052253766,0.942086131,0.5520185215,0.3005894628,0.1100107579,0.003079045753,0.03729756127,0.008690182718,-0.6779839813,0.1938873869,0.2486272988
16.1,-0.3293827231,-0.5963690191,0.2869343453,-0.215992168,0.2791806397,0.1071499359,0.3806577289,-0.3474066979,0.0736469547,0.6100092407,0.9442074831,0.5513530453,0.3052986347,0.1008762453,0.001285741799,0.04301594836,0.006331289543,-0.6546053346,0.2731769698,0.2515669005
16.2,-0.3001026613,-0.5816109974,0.3227208786,-0.2496203062,0.305551672,0.1879447843,0.3344531424,-0.3244010633,0.07427170914,0.6150265106,0.9449122962,0.5507282908,0.3102077903,0.09307832331,0.0002548468182,0.0475761935,0.003084993605,-0.6234657072,0.3489546908,0.2552394321
16.3,-0.2684457996,-0.5588140685,0.3537119296,-0.2807257203,0.3267240174,0.2677187112,0.2848581972,-0.2969976897,0.07485985685,0.6200918307,0.9449814259,0.5501401431,0.3151045938,0.08779535774,1.50796453e-05,0.05081846818,-0.0008024290064,-0.5849610625,0.4203344844,0.2594302617
16.4,-0.2349280276,-0.5281433856,0.37960194,-0.3088832944,0.3427945323,0.3452087774,0.2325466068,-0.2654997581,0.07541789147,0.6255692848,0.9452001639,0.5495821085,0.3197920011,0.08598107472,0.000546938148,0.05266437821,-0.005070292216,-0.5395729708,0.4864918058,0.2639066339
16.5,-0.2000505665,-0.4898905143,0.4001538345,-0.3337011648,0.3539576568,0.4191536652,0.1782129445,-0.2302683831,0.0759543565,0.6315961557,0.9463115494,0.5490456435,0.3240972596,0.08825771485,0.001786248244,0.05311173585,-0.009461330525,-0.4878620168,0.5466722584,0.2684299528
16.6,-0.1642908685,-0.4444720642,0.415200696,-0.354826274,0.3604919131,0.488317879,0.1225644445,-0.1917176764,0.07647937137,0.6380355121,0.9489746028,0.5485206286,0.3278784388,0.09484097997,0.003630374073,0.05222550567,-0.01373729456,-0.4304603979,0.6001991599,0.2727675928
16.7,-0.1280949591,-0.3924258866,0.4246466244,-0.3719493899,0.3627446619,0.5515161275,0.06631285881,-0.1503090276,0.07700404519,0.6447374526,0.9537298593,0.5479959548,0.3310283976,0.1055055055,0.005946498342,0.05012601471,-0.01769137861,-0.3680638197,0.646480004,0.2767036855
16.8,-0.09187136746,-0.3344048486,0.4284667858,-0.3848095193,0.3611156475,0.6076373283,0.01016643371,-0.1065447051,0.07753982006,0.6515475922,0.960973931,0.5474601799,0.333476288,0.1195954286,0.00858127608,0.04697556228,-0.02115691007,-0.301422803,0.6850117985,0.2800484351
16.9,-0.05598674125,-0.2711682485,0.4267066675,-0.3931976517,0.3560398831,0.6556676735,-0.04517793601,-0.06096089024,0.07809779191,0.6583148489,0.9709440997,0.5469022081,0.3351868477,0.1360798938,0.01137111981,0.04296452621,-0.02401210663,-0.2313335117,0.7153852739,0.2826456419
17,-0.02076318134,-0.2035709951,0.4194805607,-0.3969597827,0.3479704432,0.6947122064,-0.09904231861,-0.01412026166,0.07868805826,0.6648981414,0.9837132062,0.5463119417,0.3361578481,0.1536485472,0.01415238829,0.03829795251,-0.02618105962,-0.1586282174,0.7372879722,0.2843782326
17.1,0.01352272063,-0.1325507255,0.4069692951,-0.3959991794,0.3373617129,0.7240143859,-0.1507750714,0.03339574256,0.07931913974,0.6711717324,0.9991944001,0.5456808603,0.3364161382,0.1708377412,0.01677081866,0.03318345258,-0.02763140194,-0.08416550937,0.7505062368,0.2851717223
17.2,0.04663921489,-0.05911308717,0.3894172573,-0.3902778606,0.3246536266,0.7429731556,-0.1997578313,0.08099485977,0.07999751489,0.6770290836,1.01715471,0.5450024851,0.3360127501,0.1861747778,0.01908965309,0.02782103364,-0.02836934262,-0.008820359674,0.7549261375,0.2849956359
17.3,0.07839721992,0.01568454343,0.3671287291,-0.3798172789,0.3102573797,0.7511570895,-0.2454121227,0.1280820066,0.08072729828,0.6823852129,1.03723591,0.5442727017,0.3350175238,0.1983254339,0.02099605269,0.02239527036,-0.02843288595,0.06652585285,0.7505333688,0.2838630134
17.4,0.1086468119,0.09075059567,0.3404635863,-0.3646982045,0.2945430472,0.7483152463,-0.2872055345,0.1740672277,0.08151007878,0.6871776622,1.058980837,0.5434899212,0.3335136672,0.2062294833,0.02240555046,0.01707000478,-0.0278840967,0.1409952591,0.7374121711,0.2818281866
17.5,0.1372725869,0.1649777477,0.309832403,-0.345059822,0.2778294709,0.7343844457,-0.3246574223,0.2183734699,0.08234492194,0.6913662749,1.081863131,0.542655078,0.3315926051,0.2092100209,0.02326445527,0.0119855506,-0.0268012316,0.2137232613,0.7157433245,0.2789830695
17.6,0.1641881373,0.2372619092,0.2756910111,-0.3210980626,0.2603766997,0.7094927558,-0.3573440879,0.2604440686,0.08322852675,0.6949320468,1.105318384,0.5417714732,0.3293493876,0.207045008,0.02355026958,0.007258187569,-0.02527144383,0.2838680502,0.6858012689,0.2754522252
17.7,0.1893299085,0.3065213581,0.2385345704,-0.293063207,0.2423811789,0.6739590744,-0.3849033922,0.2997498446,0.08415551539,0.6978753489,1.128774779,0.5408444846,0.3268788479,0.1999933157,0.02327031179,0.002981570991,-0.0233846024,0.350619793,0.647950407,0.2713869846
17.8,0.2126507165,0.3717156383,0.1988912073,-0.2612568018,0.2239737945,0.6282887767,-0.4070387552,0.3357957168,0.08511882566,0.7002308213,1.151681578,0.5398811743,0.324272605,0.1887722541,0.0224588336,-0.0007704423714,-0.02122857303,0.4132094122,0.6026406434,0.2669588817
17.9,0.2341132145,0.4318638287,0.1573152863,-0.2260279424,0.205220781,0.5731654958,-0.4235224987,0.3681267497,0.08611016968,0.7024783679,1.173534122,0.5388898303,0.3216169313,0.1744886186,0.02117298842,-0.003940132701,-0.01888610551,0.4709168833,0.5504022147,0.2623526545
18,0.2536835885,0.486061802,0.1143803811,-0.1877689816,0.1861274079,0.5094391953,-0.434198488,0.3963335696,0.08712052046,0.7047714624,1.193894376,0.5378794795,0.3189914257,0.158530146,0.01948803717,-0.006482036223,-0.01643328451,0.523078982,0.4918398619,0.2577590355
18.1,0.2713257553,0.5334981164,0.07067201986,-0.1469107321,0.1666442689,0.4381107799,-0.4389840309,0.4200570915,0.08814058981,0.7070379117,1.212406474,0.5368594102,0.3164683755,0.1424284135,0.01749217594,-0.008359448761,-0.01393934273,0.5690964173,0.427626396,0.2533675334
18.2,0.2869963079,0.5734682079,0.02678027757,-0.1039172306,0.1466759117,0.3603135762,-0.4378709948,0.438992517,0.08916126566,0.7092087909,1.228807039,0.5358387343,0.314112641,0.1277072011,0.01528133946,-0.009541855873,-0.01146751993,0.6084402941,0.3584957049,0.2493593809
18.3,0.3006404274,0.6053865911,-0.01670770134,-0.05928014103,0.1260914702,0.2772920855,-0.4309261071,0.4528925766,0.09017398493,0.7112184622,1.242930431,0.5348260151,0.3119818651,0.1157318503,0.01295428156,-0.01000372303,-0.009076582728,0.6406578487,0.2852352477,0.2459008128
18.4,0.3121889418,0.6287968183,-0.05921516904,-0.01351287186,0.1047368949,0.1903784804,-0.418290409,0.4615699984,0.09117102682,0.7130047213,1.25470931,0.5338289732,0.3101267975,0.1075750286,0.01060816714,-0.009724928331,-0.006822599325,0.665377412,0.2086780831,0.2431368214
18.5,0.3215566686,0.6433789967,-0.1001831422,0.03285551512,0.08244832442,0.1009673644,-0.4001778395,0.464899205,0.09214572141,0.7145092474,1.264171119,0.5328542786,0.308591524,0.1039125657,0.0083348356,-0.008692935184,-0.004760585272,0.6823125523,0.1296944774,0.2411855382
18.6,0.3286421312,0.6489547181,-0.1390775841,0.07928652702,0.05906610282,0.01048935837,-0.376872934,0.4628172447,0.09309257745,0.7156784989,1.271431205,0.5319074225,0.3074134152,0.1049598535,0.006217821734,-0.006906595198,-0.002945692751,0.6912653614,0.04918313828,0.2401333905
18.7,0.3333286881,0.6454893133,-0.175396312,0.1252385179,0.03444892432,-0.0796159009,-0.3487276332,0.4553239788,0.09400734078,0.716465143,1.276683345,0.5309926592,0.3066226464,0.1104550403,0.004330151893,-0.004381257258,-0.001433696505,0.6921288463,-0.03193787542,0.2400311839
18.8,0.3354870605,0.6330914011,-0.2086755415,0.1701729495,0.008487581314,-0.16792675,-0.3161572052,0.4424815532,0.09488699987,0.7168300477,1.280188449,0.5301130001,0.3062411986,0.1196903599,0.002732875528,-0.001154656083,-0.0002806233918,0.6848883983,-0.1127405174,0.2408912712
18.9,0.3349791936,0.6120097647,-0.2384959786,0.2135605648,-0.01888219857,-0.2530658835,-0.2796353001,0.4244131905,0.09572975762,0.7169608536,1.282262125,0.5292702424,0.3062813204,0.1315879356,0.001474248343,0.002707118019,0.0004585301319,0.6696223141,-0.1922963329,0.2426859616
19,0.331663336,0.5826276434,-0.2644883759,0.2548874083,-0.04766831374,-0.3337255563,-0.2396881655,0.4013013457,0.09653498777,0.7175110858,1.283261701,0.5284650122,0.3067435107,0.1448118297,0.0005894543061,0.007104386709,0.000731955801,0.6465013515,-0.2696861918,0.2453473198
19.1,0.3254001735,0.5454545863,-0.2863384698,0.2936606331,-0.07781269377,-0.4086910642,-0.1968880687,0.3733852728,0.0973031913,0.7185243936,1.283573199,0.5276968087,0.3076141678,0.1579044406,0.0001007398427,0.01190025793,0.0004939478281,0.6157873061,-0.3440101063,0.2487684798
19.2,0.3160598146,0.5011160644,-0.3037912225,0.3294140353,-0.1091839374,-0.4768620021,-0.1518459829,0.3409580526,0.0980359631,0.719987552,1.283598583,0.5269640369,0.308863135,0.1694329749,1.783352117e-05,0.0169194442,-0.0002916132802,0.5778306054,-0.4143970579,0.2528065651
19.3,0.3035293858,0.4503410871,-0.3166542989,0.3617132686,-0.1415725032,-0.5372708661,-0.1052036115,0.3043631345,0.09873597234,0.7220240576,1.283743528,0.5262640277,0.3104414403,0.1781308701,0.0003385364218,0.02195023917,-0.001647447587,0.5330669235,-0.4800147498,0.2572872525
19.4,0.2877209713,0.393948107,-0.3248007167,0.3901606895,-0.1746886944,-0.5890986261,-0.05762483797,0.2639904443,0.09940695369,0.7247186317,1.284405823,0.5255930463,0.3122795815,0.1830197958,0.001049389587,0.02675015349,-0.003579012127,0.4820128278,-0.5400791937,0.2620109508
19.5,0.2685796061,0.3328295309,-0.3281706169,0.4143997942,-0.2081635896,-0.6316869779,-0.009786704201,0.2202721111,0.1000536999,0.7280921155,1.285964454,0.5249463001,0.3142867309,0.1835001132,0.002126352727,0.03105541713,-0.006070890761,0.4252604791,-0.5938640315,0.2667604815
19.6,0.2460910272,0.2679351813,-0.3267721127,0.4341192116,-0.2415529803,-0.6645470658,0.03762996879,0.1736778641,0.100682042,0.7321357302,1.288769347,0.524317958,0.3163512168,0.1794011635,0.003535459813,0.03459419968,-0.009083753665,0.3634714177,-0.6407094871,0.2713100592
19.7,0.2202888809,0.2002550671,-0.3206811888,0.4490562207,-0.2743442785,-0.6873645532,0.08395018957,0.1247101471,0.1012987997,0.7368085604,1.293131764,0.5237012003,0.318342589,0.170987101,0.005233449574,0.03710301086,-0.01255220215,0.2973694774,-0.6800308364,0.2754352723
19.8,0.1912610969,0.1308018319,-0.3100406332,0.4589997684,-0.3059662631,-0.7000010082,0.1285144976,0.0738989973,0.1019116874,0.7420366401,1.299315321,0.5230883126,0.3201154751,0.1589187031,0.007168399626,0.03834535426,-0.01638380016,0.2277328809,-0.7113262792,0.2789236702
19.9,0.1591551532,0.06059324586,-0.2950580009,0.4637929642,-0.3358014404,-0.7024916629,0.1706886119,0.02179673059,0.1025291592,0.7477139395,1.307527666,0.5224708408,0.3215153039,0.1441761688,0.009280419591,0.03813135785,-0.02045956315,0.1553855831,-0.7341840942,0.2815854818
20,0.1241819889,-0.009364902604,-0.2760026212,0.4633350357,-0.3632007074,-0.695039686,0.2098728753,-0.03102752639,0.1031601869,0.7537054307,1.317912908,0.5218398131,0.3223858023,0.1279518799,0.01150247892,0.03633683337,-0.02463612531,0.0811879403,-0.7482889583,0.2832639234
20.1,0.08661834979,-0.07809517715,-0.2532016773,0.4575827315,-0.387499928,-0.6780071942,0.2455113402,-0.08399342082,0.1038139664,0.7598522676,1.330544983,0.5211860336,0.3225779908,0.1115250177,0.01376145725,0.03292005901,-0.02874973424,0.006026793173,-0.7534273115,0.283844518
20.2,0.04680740042,-0.1446638138,-0.2270354022,0.4465511609,-0.4080379655,-0.6519032976,0.2771003421,-0.1365150406,0.1044995614,0.7659789512,1.345422214,0.5205004386,0.3219602116,0.09613152605,0.0159795074,0.02793456502,-0.03262212615,-0.06919493349,-0.7494916548,0.2832628397
20.3,0.005157480743,-0.2081947125,-0.1979314484,0.4303140642,-0.4241756605,-0.6173695412,0.3041964072,-0.1880066314,0.1052254959,0.771902187,1.362463425,0.5197745041,0.320428553,0.08284303392,0.01807581205,0.02153634516,-0.03606821492,-0.1435690034,-0.7364836751,0.2815101312
20.4,-0.03786105916,-0.2678818596,-0.1663585066,0.4090035105,-0.4353152012,-0.5751631581,0.3264233509,-0.2378883327,0.1059993187,0.777440981,1.381506043,0.5190006813,0.3179168941,0.0724670197,0.01996879436,0.01398422304,-0.03890538801,-0.2161928912,-0.7145161001,0.2786363117
20.5,-0.08172095728,-0.3229999851,-0.1328192611,0.3828090213,-0.4409193132,-0.5261385901,0.3434784287,-0.2855919026,0.1068271673,0.7824273901,1.402306636,0.5181728327,0.3144057087,0.06547789443,0.0215788101,0.005632557259,-0.04096404782,-0.2861809229,-0.6838132012,0.2747500074
20.6,-0.1258450235,-0.3729133057,-0.09784278226,0.3519761245,-0.4405296867,-0.4712277646,0.3551374166,-0.3305664025,0.107713361,0.7868253746,1.424544394,0.517286639,0.3099287517,0.06198510804,0.02283130495,-0.003083954642,-0.04209888012,-0.3526753967,-0.6447098766,0.2700153802
20.7,-0.1696149043,-0.417082254,-0.06197646892,0.3168043422,-0.4337840688,-0.4114196283,0.3612585118,-0.3722838078,0.1086600563,0.791790343,1.447827964,0.5163399437,0.3045768113,0.0617402574,0.02366036834,-0.01167295961,-0.04220018398,-0.4148575391,-0.5976492657,0.2646457113
20.8,-0.2123814666,-0.4550681455,-0.02577766417,0.2776446238,-0.4204314789,-0.3477394422,0.361784963,-0.4102445143,0.1096669918,0.7975417547,1.47170599,0.5153330082,0.2984978559,0.06418095631,0.02401255692,-0.01961352816,-0.04120447877,-0.4719581468,-0.5431788674,0.2588938872
20.9,-0.2534765891,-0.4865357828,0.01019492585,0.2348962333,-0.4003450449,-0.2812283329,0.3567463602,-0.4439827037,0.1107313485,0.8038781812,1.495681539,0.5142686515,0.2918931248,0.06850537884,0.02385080136,-0.02638989612,-0.0391035279,-0.5232677663,-0.4819451573,0.253040145
21,-0.2922260988,-0.5112540486,0.04538987284,0.1890031106,-0.3735320211,-0.2129235674,0.3462585371,-0.4730715308,0.1118477418,0.8105506024,1.519230368,0.5131522582,0.2850090028,0.07376831823,0.0231581552,-0.03152759407,-0.03595090385,-0.5681462608,-0.4146867235,0.2473776262
21.1,-0.3279635532,-0.5290945798,0.0792715871,0.1404497235,-0.3401406181,-0.143839986,0.330522062,-0.4971280901,0.1130083523,0.8172747193,1.541822756,0.5119916477,0.2781248501,0.07898762805,0.02194109977,-0.03462930308,-0.03186527629,-0.6060316177,-0.3422259671,0.2421964671
21.2,-0.3600445334,-0.5400286593,0.1113286567,0.08975643597,-0.3004633598,-0.07495297994,0.3098193211,-0.5158181178,0.1142031947,0.8237468545,1.562948276,0.5107968053,0.2715373136,0.08324921699,0.0202320912,-0.0354075931,-0.0270297421,-0.6364478581,-0.2654594396,0.2377672951
21.3,-0.3878610917,-0.5441224969,0.141081826,0.03747442221,-0.2549367783,-0.00718334417,0.2845102219,-0.5288603804,0.1154205122,0.8296625699,1.582142613,0.5095794878,0.2655419904,0.08579939091,0.01809102994,-0.03371175083,-0.02168673312,-0.6590119155,-0.1853469161,0.234325092
21.4,-0.4108559803,-0.5415311009,0.168091477,-0.01581984111,-0.2041373546,0.05861572662,0.2550265724,-0.536030697,0.1166472774,0.8347368249,1.599015174,0.5083527226,0.2604136112,0.08611516882,0.01560535513,-0.02954620059,-0.01612832648,-0.6734393635,-0.1028993299,0.2320544242
21.5,-0.4285362875,-0.5324909646,0.1919644867,-0.06953046387,-0.1487737181,0.1216692997,0.2218652166,-0.5371655426,0.1178697711,0.8387242801,1.613276014,0.5071302289,0.2563861374,0.08394600077,0.01288851814,-0.02307855182,-0.01068212624,-0.6795488869,-0.01916571805,0.2310770072
21.6,-0.4404861106,-0.5173118096,0.2123603392,-0.1230483686,-0.08967522493,0.1812888968,0.1855800327,-0.5321651729,0.1190742086,0.8414382182,1.624760343,0.5059257914,0.2536342912,0.07932374329,0.010076672,-0.01463603806,-0.005693260183,-0.6772654044,0.06478064863,0.2314424802
21.7,-0.4463779144,-0.4963676358,0.2289963866,-0.1757578028,-0.02777713321,0.2368781638,0.1467729226,-0.5209962152,0.1202473791,0.8427665532,1.633448804,0.5047526209,0.2522580419,0.07254139848,0.007323524482,-0.004689990482,-0.001503410178,-0.6666217715,0.1478567567,0.2331231034
21.8,-0.4459822505,-0.4700873303,0.241652164,-0.227043081,0.03589730388,0.2879360363,0.106083942,-0.5036936638,0.121377265,0.8431204276,1.639481719,0.503622735,0.2522714436,0.06410457749,0.004793435997,0.006171055384,0.00157186518,-0.6477590127,0.2289847508,0.2360128773
21.9,-0.4391755478,-0.4389450812,0.2501726826,-0.2762954944,0.1002574204,0.3340574894,0.06418074067,-0.4803622263,0.1224536098,0.8445480964,1.643165638,0.5025463902,0.2535969726,0.0546625254,0.002652991181,0.01727806883,0.003265986797,-0.6209250515,0.3071070179,0.23993132
22,-0.4259457315,-0.403450831,0.2544706383,-0.3229203205,0.164167907,0.3749320253,0.02174749537,-0.4511769627,0.1234684093,0.8471612311,1.644970855,0.5015315907,0.2560661404,0.0449275341,0.00106142353,0.02792563283,0.003382693217,-0.5864719336,0.3812012178,0.2446318487
22.1,-0.4063954781,-0.3641409866,0.254527498,-0.3663438589,0.226473214,0.4103401078,-0.0205264691,-0.4163831709,0.1244163051,0.8507149751,1.64551898,0.5005836949,0.2594267085,0.0355924767,0.0001604132207,0.03742033765,0.001814123789,-0.5448515594,0.4502950181,0.2498144125
22.2,-0.3807429745,-0.3215695766,0.2503934397,-0.4060204159,0.2860229813,0.4401478069,-0.06195816776,-0.3762954707,0.1252948662,0.854946007,1.645560261,0.4997051338,0.2633563179,0.02725595287,6.389490427e-05,0.04512987971,-0.001445985829,-0.4966099674,0.5134802886,0.2551417333
22.3,-0.349320108,-0.2763000224,0.2421861473,-0.4414391568,0.3416978556,0.4642999513,-0.1018823454,-0.3312960527,0.126104751,0.8601245758,1.645941013,0.498895249,0.2674818279,0.02036320677,0.0008485919155,0.05052910475,-0.006295376288,-0.4423802366,0.5699265149,0.2602582531
22.4,-0.3125680837,-0.2288976543,0.2300884799,-0.472130739,0.3924350336,0.4828121215,-0.1396625621,-0.2818320641,0.1268497462,0.8662671469,1.64756226,0.4981502538,0.271403168,0.01516875875,0.002546024097,0.05323936169,-0.0125235952,-0.3828740951,0.6188931986,0.264810682
22.5,-0.2710305286,-0.1799230721,0.2143450566,-0.4976736407,0.4372528744,0.4957618295,-0.1747017724,-0.228412114,0.1275366872,0.8732162657,1.651331417,0.4974633128,0.274720091,0.01172386645,0.005136710026,0.05305796745,-0.01982007045,-0.318872349,0.6597410241,0.2684688969
22.6,-0.2253442074,-0.129926413,0.1952578162,-0.5177000952,0.4752739378,0.5032792431,-0.2064522055,-0.1716018975,0.1281752611,0.8807683374,1.658109548,0.4968247389,0.2770599207,0.009888852612,0.008547196515,0.049975295,-0.02778982681,-0.2512142648,0.69194159,0.2709458854
22.7,-0.1762275391,-0.0794425564,0.1731806317,-0.5319015447,0.5057458452,0.5055378032,-0.2344243649,-0.1120189449,0.1287777048,0.888685849,1.668657273,0.4962222952,0.278104231,0.009367376154,0.01265039983,0.04417793267,-0.03597613012,-0.1807860583,0.7150855255,0.2720154538
22.8,-0.1244671593,-0.02898725703,0.1485130758,-0.5400335253,0.528059409,0.5027450698,-0.258194985,-0.05032652454,0.1293584033,0.8967117453,1.683582799,0.4956415967,0.2776124044,0.009757227505,0.01726954046,0.03603744541,-0.04388874593,-0.1085086584,0.728888837,0.2715265328
22.9,-0.07090282694,0.02094583035,0.121693449,-0.5419199026,0.5417635463,0.4951341059,-0.2774137998,0.01277326358,0.1299334001,0.9045850157,1.703295713,0.4950665999,0.2754402012,0.01061048056,0.02218570856,0.02608541036,-0.05103597626,-0.03532493106,0.7331973613,0.2694131107
23,-0.01641101733,0.06988730314,0.09319119483,-0.5374563774,0.5465765745,0.4829556713,-0.2918090032,0.07654714496,0.1305198301,0.9120564691,1.727970061,0.4944801699,0.2715518045,0.01149501943,0.02714882672,0.01497650042,-0.05695823761,0.03781344433,0.7279892325,0.2656990896
23.1,0.03811241982,0.1173934328,0.06349883983,-0.526613192,0.542393576,0.4664714564,-0.3011913044,0.1402390078,0.1311352862,0.9189036625,1.757519902,0.4938647138,0.2660242844,0.01204964727,0.03189150167,0.003442357783,-0.06126070882,0.1099592429,0.7133753057,0.260497681
23.2,0.0917701334,0.1630469697,0.03312359973,-0.5094369721,0.5292896269,0.4459485346,-0.3054565111,0.2030788318,0.1317971347,0.9254910544,1.79158983,0.4932028653,0.2590439932,0.01202612506,0.03614499837,-0.007760250481,-0.06364253691,0.1801829016,0.6895975173,0.2540053069
23.3,0.1436812551,0.2064574599,0.002578803643,-0.4860516499,0.5075187845,0.4216551585,-0.3045866005,0.2642921059,0.1325217953,0.9331820069,1.829562151,0.4924782047,0.2508950283,0.01131341414,0.03965635316,-0.01790303617,-0.0639202557,0.2475854598,0.657025196,0.246490334
23.4,0.1929990706,0.247261211,-0.02762471303,-0.4566584267,0.4775088466,0.3938579645,-0.2986492681,0.3231096182,0.1333240066,0.9417266531,1.870581251,0.4916759934,0.2419405232,0.009941849963,0.04220548637,-0.02633745211,-0.06204344044,0.3113110306,0.616149381,0.2382773088
23.5,0.2389279591,0.2851210504,-0.05698709507,-0.4215347426,0.4398520008,0.362820594,-0.287795973,0.3787774895,0.1342161035,0.9507145994,1.913594586,0.4907838965,0.2325980952,0.00806763931,0.04362109802,-0.03253970715,-0.05810116815,0.3705586083,0.5675752348,0.2297276647
23.6,0.2807392022,0.3197260138,-0.08502768522,-0.3810322366,0.3952915917,0.3288036799,-0.2722585301,0.4305673102,0.1352073335,0.9597066126,1.95740845,0.4897926665,0.2233112516,0.005940613884,0.04379414373,-0.03614614378,-0.05231853708,0.4245930261,0.5120126768,0.2212181095
23.7,0.3177852883,0.3507910967,-0.1112928316,-0.3355736943,0.3447053369,0.2920660912,-0.2523443231,0.4777862328,0.1363032494,0.9682649127,2.000755539,0.4886967506,0.2145188803,0.003860273577,0.04268779603,-0.03697637946,-0.04504326564,0.4727548956,0.4502653948,0.2131180586
23.8,0.3495123782,0.3780571871,-0.1353631514,-0.2856489942,0.2890854119,0.2528672786,-0.2284302424,0.5197868663,0.1375052118,0.9759832922,2.042370348,0.4874947882,0.20662511,0.0021265593,0.0403429969,-0.03504261055,-0.0367231774,0.5144693734,0.3832184226,0.2057675478
23.9,0.3754706431,0.4012912791,-0.1568601302,-0.2318100818,0.2295159095,0.2114705205,-0.2009554722,0.5559768148,0.1388100419,0.9825148017,2.081067638,0.4861899581,0.1999717962,0.0009923413032,0.03687898789,-0.0305445954,-0.02787611758,0.5492536226,0.3118244951,0.1994570288
24,0.3953222419,0.4202870467,-0.1754519481,-0.1746650138,0.1671482427,0.168146828,-0.1704132756,0.5858277031,0.1402098579,0.9875949444,2.1158188,0.4847901421,0.1948156803,0.0006242386494,0.03248854717,-0.02385097571,-0.01905447363,0.5767228588,0.2370894182,0.194410324
24.1,0.4088467603,0.43486583,-0.1908584414,-0.114871132,0.1031751172,0.1231792447,-0.13734194,0.6088835343,0.1416921275,0.9910586754,2.145820829,0.4833078725,0.1913118941,0.001077157106,0.02742804307,-0.01546866362,-0.01080693099,0.596594894,0.1600567043,0.190771808
24.2,0.4159440039,0.444878059,-0.2028551234,-0.05312744107,0.03880373097,0.07686725456,-0.1023150627,0.6247682301,0.1432399583,0.9928500087,2.170552965,0.4817600417,0.1895049749,0.002286011377,0.02200280205,-0.006002928715,-0.003640344431,0.6086931181,0.08179173826,0.1885986002
24.3,0.4166341007,0.4502051117,-0.2112762102,0.009833721199,-0.02477112314,0.02953100598,-0.06593136344,0.6331922141,0.1448326356,0.99325745,2.189816692,0.4801673644,0.1893279578,0.004075734008,0.01654865488,0.003888510909,0.002015380459,0.6129478853,0.003365745432,0.1878582192
24.4,0.4110549372,0.4507615731,-0.2160166101,0.07325561827,-0.08639337376,-0.0184849383,-0.02880422059,0.6339579091,0.1464464045,0.9945426241,2.203755862,0.4785535955,0.1906094793,0.006188172543,0.01141083799,0.01354370664,0.005836724563,0.6093962986,-0.07416016566,0.1884317894
24.5,0.3994570188,0.4464978339,-0.2170328629,0.1363665402,-0.1449707515,-0.06680860205,0.008448875241,0.6269640341,0.1480554759,0.9970370967,2.212854971,0.4769445241,0.1930882021,0.0083221599,0.006921659994,0.02234325036,0.007628084881,0.5981804129,-0.149750617,0.1901225268
24.6,0.382195911,0.4374029412,-0.2143430273,0.1983895943,-0.1994980124,-0.1150386,0.045216754,0.6122086065,0.1496332187,1.000420721,2.21791513,0.4753667813,0.1964333184,0.01018120853,0.003378476204,0.02975208313,0.007333798969,0.5795439062,-0.2224109716,0.1926688897
24.7,0.3597224743,0.4235075886,-0.208025539,0.2585527286,-0.249077737,-0.1627433657,0.08090469839,0.5897905696,0.1511534847,1.004327057,2.220008809,0.4738465153,0.2002694455,0.01152216448,0.001023531745,0.03535334758,0.005039826263,0.5538272887,-0.2912014943,0.195761488
24.8,0.3325711618,0.4048871157,-0.1982170783,0.3160988457,-0.2929382063,-0.2094617814,0.1149440969,0.5599099931,0.1525919975,1.008370276,2.220415985,0.4724080025,0.2042039312,0.01219791071,2.713371946e-05,0.03887203874,0.0009650741407,0.5214617488,-0.3552504381,0.1990626147
24.9,0.3013466928,0.3816643678,-0.1851095027,0.3702958655,-0.3304479374,-0.2547053396,0.146801453,0.5228668113,0.1539277292,1.012529755,2.220545649,0.4710722708,0.2078544557,0.01218787005,0.0004753988429,0.04018711161,-0.004556822387,0.4829617525,-0.4137658502,0.2022271166
25,0.2667094543,0.3540122602,-0.1689459177,0.4204465867,-0.3611265525,-0.2979619113,0.175986602,0.4790580939,0.1551441782,1.017299673,2.221847758,0.4698558218,0.2108748624,0.01161155182,0.002363510586,0.03933168064,-0.01110371212,0.4389165336,-0.4660459221,0.2049232625
25.1,0.2293600088,0.3221558843,-0.1500159705,0.4658982033,-0.3846517562,-0.3387011391,0.2020600066,0.428973864,0.1562304657,1.022568455,2.225721438,0.4687695343,0.2129773611,0.01072253372,0.005595031746,0.03648190917,-0.01819696638,0.3899806279,-0.5114877374,0.2068522979
25.2,0.1900231034,0.2863739943,-0.1286504651,0.5060513323,-0.4008623019,-0.3763814118,0.2246390228,0.3731915062,0.1571821724,1.028180343,2.233425603,0.4678178276,0.213949596,0.009882808161,0.009987384151,0.03193605505,-0.02533676067,0.3368636183,-0.5495943006,0.2077654963
25.3,0.1494315849,0.2469997218,-0.1052154057,0.5403684136,-0.409756936,-0.4104583168,0.2434030508,0.3123688322,0.1580018498,1.033964794,2.245998003,0.4669981502,0.2136655353,0.009520033274,0.0152831604,0.02608584266,-0.03203781542,0.2803192652,-0.5799797673,0.2074777105
25.4,0.1083106177,0.2044203777,-0.08010558376,0.5683813532,-0.411489415,-0.4403944097,0.258097511,0.2472358924,0.1586991571,1.039747334,2.264188208,0.4663008429,0.2120896621,0.01007258469,0.02116650817,0.01938281813,-0.03786284756,0.2211342075,-0.6023728292,0.2058766816
25.5,0.06736258798,0.1590762199,-0.05373782732,0.58969829,-0.4063597962,-0.4656700841,0.2685366063,0.1785856479,0.1592905999,1.045360034,2.288409057,0.4657094001,0.2092744927,0.01192910052,0.02728345856,0.01230258502,-0.04245124589,0.1601164166,-0.6166182417,0.2029276615
25.6,0.02725305359,0.1114580901,-0.02654403584,0.6040093778,-0.3948023003,-0.4857952752,0.2746048615,0.1072636362,0.159798867,1.05065098,2.318709822,0.465201133,0.2053519655,0.01537020965,0.03326478575,0.005309803663,-0.0455409447,0.0980835903,-0.6226765171,0.1986732178
25.7,-0.01140193681,0.06210385095,0.0010358783,0.6110914896,-0.3773701293,-0.500321691,0.2762574477,0.03415678147,0.1602517925,1.055514671,2.354772839,0.4647482075,0.2005196911,0.02052018736,0.0387498066,-0.001173414974,-0.04698208497,0.03585166731,-0.620621838,0.1932284039
25.8,-0.0480468732,0.01159358836,0.0285610214,0.6108117681,-0.3547177058,-0.5088552287,0.27351933,-0.03981848151,0.1606809934,1.060621502,2.395933728,0.4643190066,0.1950233978,0.0273153606,0.04340947092,-0.006793544156,-0.04674176514,-0.02577636491,-0.6106382781,0.1867717638
25.9,-0.0821959302,-0.0394564227,0.05559640811,0.6031299602,-0.3275808561,-0.5110682115,0.2664832905,-0.1137285917,0.1611202549,1.066130488,2.441223676,0.4638797451,0.1891371234,0.03549427507,0.0469671576,-0.01128453304,-0.04489992838,-0.08602120368,-0.5930144427,0.1795328884
26,-0.1134400525,-0.09040095087,0.08171960023,0.588099497,-0.2967555135,-0.5067110697,0.2553069035,-0.1866355628,0.1616037546,1.071767597,2.48943077,0.4633962454,0.1831427803,0.04461213577,0.04921577395,-0.01447867574,-0.04163714586,-0.1441373558,-0.5681366695,0.1717774263
26.1,-0.1414518616,-0.1405741658,0.1065269944,0.5658672954,-0.2630755462,-0.495623086,0.2402085536,-0.2576098065,0.1621642289,1.077269407,2.539176115,0.4628357711,0.1773106639,0.05407912863,0.05003003898,-0.01630929324,-0.03721567471,-0.1994225164,-0.5364809477,0.1637905736
26.2,-0.1659883275,-0.1892990077,0.1296396681,0.5366722789,-0.2273903288,-0.4777418361,0.2214626014,-0.3257428797,0.1628311888,1.082400036,2.588999478,0.4621688112,0.1718822865,0.06321926501,0.04937319277,-0.01680573678,-0.03195564526,-0.251226084,-0.4986037354,0.1558601151
26.3,-0.1868912104,-0.2358974214,0.1507087043,0.5008426367,-0.1905426753,-0.4531109789,0.1993938146,-0.3901599588,0.1636292916,1.086964687,2.637448703,0.4613707084,0.1670566376,0.07134372275,0.04729778445,-0.01608179773,-0.02620852943,-0.2989567086,-0.4551318636,0.1482600634
26.4,-0.2040853388,-0.2797012735,0.1694199279,0.4587918568,-0.153347727,-0.4218860808,0.1743711881,-0.4500318488,0.1645769642,1.090819069,2.683166967,0.4604230358,0.1629806171,0.07783061706,0.04394061765,-0.01431904592,-0.02033014225,-0.3420887942,-0.4067517263,0.141235855
26.5,-0.2175748474,-0.3200637417,0.1854979987,0.4110135886,-0.1165733557,-0.3843382048,0.146801285,-0.5045863439,0.1656853589,1.093874349,2.724972243,0.4593146411,0.1597439973,0.08220198789,0.03951234219,-0.01174688856,-0.01465533266,-0.3801678922,-0.3541979612,0.134991911
26.6,-0.2274375526,-0.3563709433,0.1987098205,0.3580754096,-0.08092258753,-0.3408550439,0.1171212281,-0.5531187671,0.1669577015,1.096097649,2.761924023,0.4580422985,0.1573788855,0.08418870112,0.03428254289,-0.008621237026,-0.009476244787,-0.4128149464,-0.2982418234,0.1296821826
26.7,-0.2338176901,-0.3880535455,0.2088672367,0.3006115857,-0.0470184875,-0.2919394435,0.08579147575,-0.5950015302,0.1683890674,1.097508488,2.793373342,0.4566109326,0.1558633013,0.08377497379,0.02856146509,-0.005203593924,-0.005025611245,-0.4397293677,-0.2396794516,0.1254040782
26.8,-0.2369172793,-0.4145980952,0.2158289988,0.2393149307,-0.0153918663,-0.238205219,0.05328850904,-0.6296925756,0.1699665946,1.098171848,2.818993401,0.4550334054,0.1551281958,0.0812162625,0.02267971178,-0.001742152544,-0.0014660205,-0.4606909393,-0.1793202187,0.1221959412
26.9,-0.2369864111,-0.4355577925,0.2195020037,0.1749278819,0.0135279151,-0.1803702504,0.02009755178,-0.656742576,0.1716701162,1.098318997,2.838789458,0.4533298838,0.1550670281,0.07702709209,0.01696733848,0.00154383413,0.001114468317,-0.4755605671,-0.1179753467,0.1200380177
27,-0.23431278,-0.4505624409,0.2198418099,0.1082329229,0.03941886289,-0.1192469062,-0.01329456199,-0.6758007959,0.1734731732,1.098822463,2.853088109,0.4515268269,0.155546898,0.07193874212,0.01173375585,0.004475564377,0.002700552419,-0.4842799129,-0.05644695072,0.1188566462
27.1,-0.2292107904,-0.4593273101,0.2168524514,0.04004249005,0.06206890711,-0.0557299243,-0.0464062698,-0.6866195355,0.1753443436,1.099706443,2.862507422,0.4496556564,0.156420214,0.06683017731,0.007249732903,0.00692166448,0.003342451371,-0.48686996,0.004482337734,0.1185312246
27.2,-0.222010577,-0.4616606687,0.2105855812,-0.02881149224,0.08137511408,0.009218049255,-0.07876781948,-0.6890571055,0.1772488132,1.100828283,2.867910587,0.4477511868,0.1575359421,0.06263880845,0.003732588635,0.00880064043,0.003144319512,-0.4834285739,0.06405904012,0.1189033734
27.3,-0.2130472653,-0.4574697641,0.2011389799,-0.09748829911,0.09733966866,0.0745829972,-0.1099273855,-0.6830793057,0.1791500974,1.10205213,2.870346704,0.4458499026,0.1587496216,0.06026022401,0.001335387468,0.01007918797,0.002249694297,-0.4741271384,0.1215676829,0.1197876225
27.4,-0.202650788,-0.4467650587,0.1886544778,-0.1651491653,0.1100628334,0.1393178108,-0.1394566964,-0.6687594008,0.1810118234,1.10325667,2.870982988,0.4439881766,0.1599315305,0.06044763082,0.0001406371711,0.01076704157,0.000825506972,-0.459206349,0.1763387446,0.1209829119
27.5,-0.1911365443,-0.4296625664,0.1733153404,-0.2309679686,0.1197331771,0.2023619275,-0.1669561213,-0.6462766174,0.1827994808,1.10438944,2.87103301,0.4422005192,0.1609726067,0.06372217361,0.0001586542368,0.01090924551,-0.0009538285976,-0.4389712609,0.2277556326,0.122284198
27.6,-0.1787971578,-0.4063841761,0.1553431738,-0.2941416912,0.1266154418,0.2626618934,-0.1920591763,-0.6159132023,0.184482054,1.10566018,2.871685582,0.440517946,0.1617879717,0.07030448791,0.001330436138,0.01057683142,-0.002920879809,-0.4137856895,0.2752606435,0.1234935093
27.7,-0.1658955487,-0.3772558915,0.1349944102,-0.3539005162,0.1310364811,0.3191923854,-0.2144364247,-0.5780501088,0.1860334627,1.107077333,2.874038587,0.4389665373,0.1623181173,0.08007583881,0.003534586782,0.009856890356,-0.004927101876,-0.3840660665,0.3183598846,0.1244298798
27.8,-0.1526594874,-0.3427039657,0.1125564338,-0.4095174295,0.1333697545,0.3709772007,-0.2337987586,-0.5331613955,0.1874337471,1.108604414,2.879041482,0.4375662529,0.1625280125,0.09257420228,0.006597600245,0.008842945573,-0.006851416136,-0.3502748568,0.3566271521,0.1249377005
27.9,-0.1392777504,-0.3032489605,0.08834340975,-0.4603172,0.1340188954,0.4171097157,-0.2499000586,-0.4818074417,0.1886699521,1.110203735,2.887449406,0.4363300479,0.1624045246,0.1070269703,0.01030663282,0.00762638411,-0.008605070481,-0.3129136381,0.3897067782,0.1248931589
28,-0.1258979426,-0.2594978056,0.06269187777,-0.5056846273,0.1334008952,0.4567723137,-0.2625392409,-0.4246270956,0.1897366802,1.111839144,2.899790903,0.4352633198,0.1619526436,0.1224179977,0.01442379259,0.006289512716,-0.01013277675,-0.272515947,0.4173154781,0.1242085748
28.1,-0.1126259981,-0.2121339882,0.03595617148,-0.5450719569,0.1319294445,0.4892543024,-0.2715617071,-0.3623288894,0.1906362984,1.113478114,2.916350277,0.4343637016,0.1611910336,0.1375828942,0.01870095073,0.004900590772,-0.01141047102,-0.2296399886,0.4392432398,0.122834574
28.2,-0.09952731668,-0.1619060446,0.008503721156,-0.5780053756,0.1299989618,0.513967866,-0.2768602214,-0.295681462,0.1913788003,1.115093071,2.937164616,0.4336211997,0.160147418,0.1513232251,0.02289412529,0.00351098069,-0.01244033018,-0.1848613026,0.4553533108,0.1207601694
28.3,-0.08662944189,-0.1096145721,-0.01928970356,-0.6040905159,0.1279698132,0.5304616409,-0.2783752444,-0.225503339,0.1919813388,1.116661938,2.96203464,0.4330186613,0.1588542466,0.1625279876,0.02677659631,0.002154363435,-0.0132438794,-0.138765473,0.4655813462,0.1180109232
28.4,-0.07392613847,-0.05609801786,-0.04704475851,-0.6230169124,0.1261551794,0.5384315565,-0.276094755,-0.1526522242,0.1924674546,1.118167956,2.990547726,0.4325325454,0.1573450027,0.1702896529,0.0301500678,0.0008478063284,-0.01385412902,-0.09194096266,0.4699337876,0.1146454527
28.5,-0.06138268369,-0.002217532966,-0.07438324802,-0.6345613702,0.1248099719,0.5377286426,-0.2700535972,-0.07801395915,0.1928660381,1.119612243,3.022110907,0.4321339619,0.1556513927,0.1740023436,0.03285338067,-0.0004056500173,-0.01430768316,-0.04497214448,0.4684855471,0.1107506008
28.6,-0.04894215031,0.05115879323,-0.1009327603,-0.6385902183,0.1241221315,0.5283635805,-0.2603323874,-0.002491305491,0.1932100679,1.121161702,3.055991233,0.4317899321,0.153801546,0.173431348,0.03476848441,-0.001613296332,-0.01463767501,0.00156740324,0.4613770716,0.1064356295
28.7,-0.03653242984,0.1031719842,-0.126331173,-0.6350604391,0.1242065624,0.5105078477,-0.2470560168,0.07300729668,0.1935351777,1.12285805,3.091360684,0.4314648223,0.151819234,0.1687460063,0.03582357779,-0.002788398299,-0.01486822131,0.04712128079,0.4488108635,0.1018258031
28.8,-0.02407372297,0.1529881685,-0.1502309902,-0.6240196788,0.1251018715,0.4844913919,-0.2303917839,0.1475788488,0.1938781068,1.124689519,3.127342838,0.4311218932,0.1497240208,0.1605117408,0.03599351499,-0.003945627559,-0.01501087238,0.09115627866,0.4310475303,0.09705572027
28.9,-0.01148621239,0.1998141665,-0.1723034757,-0.6056051574,0.1267699908,0.4507968535,-0.2105471887,0.2203366526,0.1942750931,1.126646159,3.163058689,0.430724907,0.147532174,0.1496412579,0.03529773209,-0.005096700748,-0.01506329064,0.1331679735,0.4084014322,0.09226271949
29,0.001302370784,0.2429123305,-0.1922425499,-0.5800415118,0.1290986699,0.4100504404,-0.1877674167,0.2904207778,0.1947602699,1.128717982,3.197669291,0.4302397301,0.1452581124,0.13730927,0.03379607098,-0.006246597957,-0.0150101444,0.1726858713,0.381235992,0.08758064588
29.1,0.01434956932,0.2816143124,-0.2097684202,-0.5476376159,0.1319067349,0.3630096425,-0.1623325383,0.3570080205,0.1953641308,1.130892965,3.230413373,0.4296358692,0.1429161364,0.1248389968,0.03158295964,-0.007390668056,-0.01482597893,0.2092780678,0.3499587266,0.08313420999
29.2,0.02769167866,0.3153334563,-0.2246309187,-0.5087824358,0.1349519202,0.3105480517,-0.1345544455,0.4193212458,0.1961121221,1.13315519,3.260638521,0.4288878779,0.1405221824,0.1135717936,0.02878044755,-0.008512854757,-0.01447964238,0.2425553991,0.3150160512,0.07903411705
29.3,0.04133812664,0.3435755408,-0.2366125212,-0.4639399848,0.137941002,0.253637625,-0.1047735457,0.4766380197,0.1970234258,1.135483357,3.28782502,0.4279765742,0.1380953607,0.1047331631,0.02553059699,-0.009585197717,-0.01393971379,0.2721750644,0.2768879025,0.07537308812
29.4,0.05526696734,0.3659476377,-0.2455310236,-0.413643454,0.1405418865,0.1933287928,-0.07335522694,0.5282984516,0.1981099866,1.137849892,3.311601981,0.4268900134,0.1356590692,0.09930893644,0.02198769833,-0.01056867927,-0.01318031104,0.2978437036,0.2360822214,0.07222284351
29.5,0.06942166488,0.3821648917,-0.2512418541,-0.3584886021,0.1423972465,0.1307288684,-0.0406861105,0.5737121792,0.1993758354,1.140220776,3.33175575,0.4256241646,0.1332415228,0.09794447695,0.01831071966,-0.01141540054,-0.01218664875,0.3193199164,0.193129328,0.06963207318
29.6,0.08370929939,0.3920550767,-0.2536400013,-0.2991264901,0.1431392493,0.06697925603,-0.007170102838,0.6123644447,0.2008167465,1.142556169,3.348231043,0.4241832535,0.130875595,0.1008774629,0.01465632417,-0.01207198141,-0.0109597655,0.3364162166,0.14857622,0.06762538195
29.7,0.09800027995,0.3955608354,-0.252661537,-0.2362556572,0.142404885,0.003231985849,0.02677574018,0.6438212201,0.2024202605,1.144811846,3.361125476,0.4225797395,0.1285979269,0.10791138,0.01117270315,-0.01248398893,-0.009519935658,0.3490004116,0.102980819,0.06620316819
29.8,0.1121295992,0.392739561,-0.2482847171,-0.170613832,0.1398513841,-0.05937387943,0.06072552319,0.6677333565,0.2041660841,1.146941368,3.370678416,0.4208339159,0.1264473187,0.1184326562,0.007994384789,-0.01260111024,-0.007908412039,0.3569964068,0.05690618927,0.06534237441
29.9,0.1258996127,0.3837609354,-0.2405306435,-0.102969278,0.1351712094,-0.1197354206,0.09424897988,0.6838397416,0.2060268669,1.148898876,3.377255156,0.4189731331,0.1244624821,0.1314698518,0.005238096913,-0.01238270522,-0.006187296948,0.3603844296,0.01091475091,0.06499803446
30,0.1390842748,0.3689021943,-0.2294634718,-0.03411187419,0.1281061186,-0.1768080847,0.1269160816,0.6919694614,0.2079693323,1.150642339,3.381327493,0.4170306678,0.1226792809,0.1457889475,0.002999690603,-0.01180330534,-0.004437497282,0.359200677,-0.03443749043,0.06510553356
30.1,0.1514347151,0.3485412378,-0.215190152,0.03515597208,0.1184598225,-0.2296264442,0.1583017638,0.6920429723,0.2099557245,1.152137027,3.383451736,0.4150442755,0.1211276429,0.1600150303,0.001352074607,-0.01085757917,-0.00275487185,0.3535363867,-0.07860667204,0.0655834928
30.2,0.1626859911,0.323147759,-0.1978596921,0.1040284797,0.106108803,-0.277323021,0.1879907415,0.6840722979,0.2119455134,1.153358963,3.384245119,0.4130544866,0.1198283625,0.1727679426,0.000344070364,-0.009564267719,-0.001244815664,0.3435363392,-0.1210667346,0.0663371853
30.3,0.1725648158,0.2932726046,-0.1776619366,0.1717056209,0.09101091529,-0.3191447524,0.2155823831,0.6681602755,0.213897282,1.154298103,3.384361481,0.411102718,0.1187900461,0.182798042,7.38215969e-08,-0.007968614326,-1.563922384e-05,0.3293967989,-0.1613149832,0.06726238747
30.4,0.1807980206,0.2595356216,-0.1548258568,0.2374021261,0.07321145958,-0.3544667368,0.2406955997,0.6444988798,0.2157707094,1.155049548,3.384466966,0.4092292906,0.1180064681,0.1891082495,0.000320402475,-0.006142878485,0.0008288138352,0.3113629044,-0.1988775138,0.06824956185
30.5,0.187121489,0.2226122788,-0.1296173528,0.3003562769,0.05284649047,-0.3828029677,0.2629737072,0.6133666612,0.2175285506,1.155672149,3.385216355,0.4074714494,0.1174546094,0.1910500465,0.00128221172,-0.004184634045,0.001196812228,0.2897255257,-0.2333144625,0.06918825932
30.6,0.1912892763,0.1832193744,-0.1023365733,0.3598384003,0.03014321251,-0.4038138388,0.2820892063,0.5751253394,0.2191385121,1.156107045,3.387230565,0.405861488,0.1170936274,0.1883838457,0.002840880722,-0.002212706596,0.001016122413,0.2648176065,-0.2642250338,0.06997161661
30.7,0.193082621,0.1421001604,-0.0733147635,0.4151589817,0.005417401954,-0.4173102862,0.2977484232,0.5302155959,0.2205749219,1.156302045,3.39107573,0.4044250782,0.1168649732,0.1812979096,0.004931790997,-0.0003607954279,0.000240615382,0.2370100177,-0.2912522516,0.07050081127
30.8,0.1923185498,0.1000092234,-0.04291065894,0.4656763189,-0.02093211467,-0.4232545165,0.3096959464,0.4791521158,0.2218201025,1.156401202,3.397244235,0.4031798975,0.1166938089,0.1703843268,0.007472446996,0.001230961193,-0.001144391234,0.2067069507,-0.314087379,0.07068932256
30.9,0.1888577879,0.05769746245,-0.01150644832,0.5108036456,-0.04843180266,-0.4217573559,0.3177187898,0.4225179281,0.2228653659,1.156796312,3.406138035,0.4021346341,0.1164917964,0.1565749997,0.01036491353,0.002426000287,-0.003118483649,0.1743408895,-0.3324739424,0.07046683407
31,0.1826117035,0.01589749642,0.02049666303,0.5500156552,-0.07654437189,-0.4130723374,0.3216502105,0.3609581001,0.2237115703,1.15751055,3.418054564,0.4012884297,0.1161612314,0.1410446984,0.01349856637,0.003102248487,-0.005624540942,0.1403672014,-0.3462112953,0.06978260611
31.1,0.1735480372,-0.02469018264,0.05268325115,0.5828543648,-0.1046820477,-0.3975867226,0.3213731064,0.2951728416,0.2243692018,1.15853578,3.433175553,0.4006307982,0.1156003865,0.1250915404,0.01675316698,0.003163093325,-0.008569404898,0.1052583984,-0.3551576534,0.06860814462
31.2,0.1616952043,-0.06341001549,0.08462878706,0.6089342623,-0.1322217933,-0.3758097289,0.3168229169,0.2259100763,0.2248579671,1.159844905,3.451559096,0.4001420329,0.114709806,0.1100074423,0.0200022775,0.002547464971,-0.01182695005,0.06949812347,-0.3592325344,0.06693900145
31.3,0.1471449939,-0.09966287864,0.1159050125,0.6279466861,-0.1585220545,-0.3483582963,0.3079899554,0.1539575434,0.2252059142,1.161392806,3.473135303,0.3997940858,0.1133991918,0.09695192465,0.02311702673,0.001238056506,-0.01524353441,0.03357492566,-0.3584185333,0.06479556031
31.4,0.1300535386,-0.132916057,0.1460855176,0.6396633949,-0.1829405452,-0.3159407872,0.2949211006,0.08013448988,0.2254481209,1.163142904,3.497705897,0.3995518791,0.1115944159,0.0868420726,0.02597022056,-0.000733224747,-0.01864566099,-0.00202410621,-0.3527623731,0.06222269445
31.5,0.1106404741,-0.1627115014,0.1747514529,0.6439392881,-0.2048525567,-0.2793390539,0.2777207826,0.005283021204,0.225625017,1.165366571,3.524948074,0.399374983,0.1092441331,0.08026954076,0.0284407625,-0.00328332448,-0.02184952511,-0.03681977653,-0.3423751712,0.05928822691
31.6,0.08918626422,-0.1886722301,0.2014973019,0.6407142479,-0.2236692506,-0.2393893444,0.256551207,-0.06974082256,0.2257804269,1.168171685,3.554422918,0.3992195731,0.1063254332,0.07745246422,0.03041831168,-0.006280131408,-0.02467197016,-0.07034720111,-0.3274318726,0.05608017995
31.7,0.06602772069,-0.2105067841,0.2259366367,0.6300140776,-0.2388553904,-0.1969625365,0.2316317668,-0.1440761928,0.2259594329,1.171547657,3.585588539,0.3990405671,0.1028479851,0.07822634352,0.03180806108,-0.009548776641,-0.02694223629,-0.1021621254,-0.3081698115,0.05270286629
31.8,0.04155179962,-0.2280116919,0.2477077718,0.6119505205,-0.2499459766,-0.1529441963,0.2032376085,-0.2168666862,0.2262061704,1.175448729,3.617817985,0.3987938296,0.09885619144,0.08207382136,0.03253547008,-0.01288196395,-0.02851377307,-0.1318470543,-0.2848863733,0.04927194571
31.9,0.01618781109,-0.2410719531,0.2664792317,0.5867203503,-0.2565612757,-0.1082149525,0.1716973268,-0.2872696489,0.2265616685,1.179794377,3.650421778,0.3984383315,0.09442898248,0.08818921787,0.03255073783,-0.01605377154,-0.02927531122,-0.1590171018,-0.2579357446,0.0459086435
32,-0.009601774385,-0.2496595937,0.2819549436,0.554603532,-0.2584197758,-0.06363165917,0.1373897811,-0.3544654474,0.2270618453,1.184472268,3.68267469,0.3979381547,0.08967704032,0.09557016698,0.03183276278,-0.01883600542,-0.02916036176,-0.1833254714,-0.2277247536,0.04273339594
32.1,-0.03533169374,-0.2538303963,0.2938790688,0.5159604607,-0.2553486565,-0.02000978577,0.1007400418,-0.4176666241,0.2277357593,1.18934377,3.713846097,0.3972642407,0.08473743649,0.1031260671,0.03039230395,-0.02101588148,-0.02815434219,-0.2044684747,-0.1947078218,0.03985924651
32.2,-0.06050516729,-0.2537189479,0.3020403852,0.4712282944,-0.247291428,0.0218925648,0.06221449029,-0.4761268462,0.2286042015,1.1942518,3.743232979,0.3963957985,0.07976588326,0.109791587,0.02827404743,-0.02241360185,-0.02629862541,-0.2221900026,-0.1593810646,0.03738536051
32.3,-0.08462578565,-0.2495321844,0.3062761402,0.4209164063,-0.2343124743,0.06138866549,0.02231511609,-0.5291495593,0.2296786946,1.199030589,3.770194316,0.3953213055,0.07492701738,0.1146332844,0.02555729078,-0.02289829936,-0.02369096837,-0.2362853666,-0.1222755978,0.03539104814
32.4,-0.1072096883,-0.2415416462,0.3064752948,0.3656009898,-0.2165983211,0.09787491522,-0.01842692856,-0.5760962506,0.2309609444,1.203516743,3.794185368,0.3940390556,0.07038333787,0.1169384912,0.02235499373,-0.0224008682,-0.02048199981,-0.2466044335,-0.08395012537,0.0339306851
32.5,-0.1277977012,-0.2300746802,0.3025810896,0.3059188612,-0.1944555419,0.1308401109,-0.05945843949,-0.6163942284,0.2324427645,1.207560829,3.814790112,0.3925572355,0.06628358383,0.1162778422,0.01881100565,-0.02092238525,-0.01686771784,-0.2530539877,-0.04498290266,0.03302989111
32.6,-0.1459670969,-0.2155048459,0.2945928702,0.2425605121,-0.1683053125,0.1598720943,-0.1002118421,-0.6495438212,0.2341064712,1.211038597,3.831749944,0.3908935288,0.06275144778,0.1125359089,0.0150953703,-0.01853714574,-0.01307825213,-0.2555992619,-0.005963185759,0.03268327114
32.7,-0.1613426466,-0.1982417901,0.2825671207,0.1762624755,-0.1386747192,0.1846617002,-0.1401133338,-0.6751249033,0.2359257255,1.213860921,3.844986722,0.3890742745,0.05987555782,0.1059079869,0.01139772185,-0.01538976558,-0.009363459099,-0.2542645936,0.0325177061,0.03285394238
32.8,-0.1736066484,-0.1787208638,0.2666176644,0.1077990763,-0.1061850217,0.2050040063,-0.1785913639,-0.6928026521,0.2378667757,1.215981588,3.854618319,0.3871332244,0.05770162056,0.09686476635,0.007918918188,-0.01168630705,-0.005976214594,-0.2491331731,0.06987557419,0.0334749669
32.9,-0.182507642,-0.1573927443,0.2469150057,0.03797364823,-0.07153715925,0.2207969607,-0.215085316,-0.7023324504,0.2398900403,1.217402184,3.860965025,0.3851099597,0.0562274924,0.08608999576,0.004861199935,-0.007679919084,-0.003154521034,-0.2403458681,0.1055426177,0.03445269023
33,-0.1878675503,-0.1347133214,0.2236848,-0.0323906924,-0.03549487061,0.2320375261,-0.2490542476,-0.7035638477,0.241951955,1.218173503,3.864545559,0.383048045,0.05540174621,0.07439895532,0.002417305335,-0.003651999357,-0.001103726191,-0.2280991219,0.1389766445,0.03567185856
33.1,-0.1895870326,-0.1111340848,0.1972054518,-0.1024606198,0.001134131067,0.238815551,-0.2799855362,-0.6964435037,0.2440069973,1.218393634,3.86606189,0.3809930027,0.05512603669,0.06264732239,0.0007591011803,0.0001096683432,1.976255429e-05,-0.2126419413,0.1696700473,0.03700226009
33.2,-0.1876488781,-0.08709322628,0.1678048608,-0.1714024118,0.03751842708,0.2413056273,-0.3074032772,-0.6810170468,0.2460097993,1.218587141,3.866372733,0.3789902008,0.05526126048,0.05164066211,2.639476681e-05,0.003334016296,0.0001219083724,-0.1942720051,0.1971583796,0.03830651931
33.3,-0.1821193237,-0.06300764552,0.1358563458,-0.238391892,0.07282406038,0.2397572453,-0.3308762784,-0.6574297865,0.247917253,1.219079788,3.866456239,0.377082747,0.05563718271,0.04205428011,0.0003166601942,0.005789069838,-0.0008195993822,-0.1733309422,0.2210283609,0.03944857593
33.4,-0.1731472331,-0.03926601022,0.1017737967,-0.3026243843,0.1062360254,0.2344835928,-0.3500254977,-0.6259262374,0.2496905176,1.219913419,3.867363195,0.3753094824,0.05606488887,0.03437162038,0.001676433268,0.007301629377,-0.002751027585,-0.1501988447,0.2409251525,0.04030231105
33.5,-0.160961136,-0.01622298895,0.06600611626,-0.3633245585,0.1369794911,0.2258493727,-0.36453078,-0.5868484184,0.25129684,1.221084293,3.870162744,0.37370316,0.05635114891,0.02884698708,0.004095095476,0.007772464682,-0.005543927728,-0.1252880963,0.2565587501,0.04075974965
33.6,-0.145864183,0.005805264876,0.02903102861,-0.4197560445,0.1643401707,0.2142580273,-0.3741367544,-0.5406329135,0.2527111091,1.222563588,3.875883364,0.3722888909,0.05631357603,0.02549541382,0.00750167518,0.00718557723,-0.009002287053,-0.09903661075,0.2677093531,0.04073827401
33.7,-0.1282271288,0.02654433817,-0.008651654052,-0.4712306894,0.1876832708,0.2001387618,-0.3786577696,-0.4878066924,0.2539170752,1.224302699,3.885452351,0.3710829248,0.05579534907,0.02410934624,0.01176514426,0.005610579051,-0.01287520603,-0.07190059077,0.2742315891,0.04018632972
33.8,-0.1084795153,0.04576349172,-0.04652720615,-0.5171173369,0.2064704902,0.1839337516,-0.3779817581,-0.4289817073,0.2549081768,1.226236968,3.899637483,0.3700918233,0.05467825745,0.0242988098,0.01669848692,0.00319783091,-0.01687433027,-0.04434692556,0.2760574868,0.03908719291
33.9,-0.08709927172,0.06327633902,-0.08407349217,-0.5568500049,0.2202745858,0.1660858982,-0.372072939,-0.3648483033,0.255687934,1.228290497,3.918994652,0.369312066,0.05289292819,0.02554923818,0.02206657513,0.0001666255846,-0.02069482964,-0.01684535726,0.2731981182,0.03746048893
34,-0.06460099749,0.07894034214,-0.1207686795,-0.5899353486,0.2287910921,0.1470274685,-0.3609732914,-0.2961674964,0.2562698848,1.230683538,3.943825201,0.3687301152,0.05042529987,0.02728940632,0.02759761804,-0.003212666328,-0.02403836398,0.01013944783,0.2657438527,0.03536130182
34.1,-0.04152323019,0.09265522836,-0.1560990351,-0.6159592962,0.2318468537,0.1271699157,-0.3448027493,-0.2237621916,0.2566770559,1.233718032,3.974146288,0.3683229441,0.04731870402,0.02896112009,0.0329976794,-0.006641009968,-0.02663623892,0.03615578264,0.2538631923,0.0328768805
34.2,-0.01841503032,0.1043604585,-0.1895666762,-0.6345927589,0.2294051203,0.1068951293,-0.3237580971,-0.1485074351,0.2569409844,1.237298325,4.009677003,0.3680590156,0.04367127652,0.03008251854,0.03796749932,-0.009815765975,-0.02827086519,0.06077259508,0.237800187,0.03012111863
34.3,0.004177764408,0.1140319002,-0.2206971464,-0.6455963206,0.221567043,0.0865483122,-0.2981105658,-0.07131981012,0.2571003221,1.241280346,4.049842045,0.3678996779,0.03962881888,0.0302979888,0.04222063616,-0.01245621725,-0.02879370452,0.08358685542,0.217870457,0.02722714922
34.4,0.02572625171,0.1216778761,-0.2490466867,-0.6488238312,0.2085695154,0.06643262235,-0.2682021576,0.006853896649,0.2571990765,1.24548321,4.093793738,0.3678009235,0.03537362649,0.02940961058,0.04550178143,-0.01432731465,-0.02813811678,0.1042304583,0.1944558764,0.02433853816
34.5,0.04573177993,0.1273347681,-0.274209078,-0.6442248343,0.1907793984,0.04680565652,-0.2344407507,0.08504861431,0.2572845613,1.249703393,4.140451928,0.3677154387,0.03111016269,0.02738748605,0.04760401296,-0.0152595311,-0.02632590156,0.1223765297,0.1679980035,0.0215996721
34.6,0.06373851038,0.1310623632,-0.2958219353,-0.6318457822,0.1686842708,0.0278777912,-0.1972940607,0.1622933371,0.2574051451,1.253730924,4.188560095,0.3675948549,0.02704874807,0.02435896585,0.04838375081,-0.0151630479,-0.02346682583,0.1377450187,0.1389903669,0.01914600614
34.7,0.07934489056,0.1329391238,-0.3135723465,-0.6118299993,0.1428799424,0.009812335226,-0.1572825567,0.2376237355,0.2576079016,1.257366253,4.236754774,0.3673920984,0.02338862781,0.02057932991,0.04777227283,-0.01403499805,-0.01975100569,0.1501074661,0.1079697449,0.0170948586
34.8,0.09221373013,0.1330575606,-0.3272017533,-0.58441638,0.1140550588,-0.007272610131,-0.1149714534,0.3100948523,0.2579362741,1.260436371,4.283644378,0.3670637259,0.02030185427,0.01638862173,0.0457828306,-0.0119591144,-0.01543461739,0.1592908573,0.07550659354,0.01553741144
34.9,0.1020806086,0.1315198702,-0.3365099931,-0.5499368203,0.08297320394,-0.02330074126,-0.07096191636,0.3787937013,0.2584278709,1.262808781,4.327892627,0.3665721291,0.01791937007,0.01216082156,0.04251267276,-0.009097816861,-0.01081999502,0.1651804827,0.04219480301,0.01453249663
35,0.1087603878,0.1284339829,-0.3413584267,-0.5088124012,0.05045298085,-0.03823279795,-0.02588163766,0.4428515816,0.2591125077,1.26440213,4.368301287,0.3658874923,0.01632050016,0.008252217706,0.03813961498,-0.005677458983,-0.00623167762,0.167721748,0.008640974199,0.0141026256
35.1,0.1121516537,0.1239101428,-0.3416720997,-0.4615483636,0.01734660395,-0.0520607101,0.01962505341,0.5014559233,0.2600106041,1.265192552,4.403886747,0.364989396,0.01552677439,0.004955637309,0.03291317098,-0.001968075229,-0.001990349397,0.1669208971,-0.02454657986,0.01423256023
35.2,0.1122389664,0.1180581168,-0.3374408996,-0.4087279292,-0.01548241917,-0.06480092236,0.06490736528,0.5538614803,0.2611320289,1.265376256,4.433945159,0.3638679711,0.01550062969,0.002466177269,0.02714065063,0.001740533044,0.00161316557,0.1628446292,-0.05676889521,0.01487054037
35.3,0.1090928583,0.1109851006,-0.3287196874,-0.3510050425,-0.04718191452,-0.07648719496,0.109318323,0.5994006958,0.2624754663,1.26603083,4.458101468,0.3625245337,0.01614911641,0.0008623800426,0.02116900783,0.005164208528,0.004341659965,0.1556186172,-0.08744726594,0.01593208916
35.4,0.1028675797,0.1027943566,-0.3156274055,-0.289096124,-0.0769333652,-0.08716319117,0.1522249663,0.6374930746,0.2640283509,1.267224675,4.476338623,0.3609716491,0.01733229378,0.0001046547008,0.0153635545,0.008049056882,0.006031017352,0.1454249498,-0.1160337878,0.01730612796
35.5,0.09379665185,0.09358459166,-0.2983451756,-0.2237709428,-0.1039733277,-0.09687516218,0.1930182831,0.6676534089,0.2657673885,1.268784747,4.489004495,0.3592326115,0.01887558679,5.042892313e-05,0.01008491772,0.01019307268,0.006603711917,0.1324985479,-0.1420213292,0.01886296158
35.6,0.08218634869,0.08345004898,-0.2771134259,-0.1558427295,-0.1276133619,-0.1056650317,0.2311227029,0.6894987223,0.2676596487,1.270517991,4.496795517,0.3573403513,0.0205850266,0.0004833261359,0.005665784207,0.01146286304,0.006075138181,0.11712262,-0.1649527341,0.02046355629
35.7,0.06840728219,0.07248125882,-0.252228096,-0.0861576636,-0.1472579367,-0.1135641628,0.2660049802,0.7027538128,0.2696641809,1.272228062,4.500717627,0.3553358191,0.02226404299,0.001151867689,0.002389032247,0.01180402606,0.004552183002,0.09962324274,-0.1844290753,0.02196943715
35.8,0.05288431878,0.06076636847,-0.2240359922,-0.01558388095,-0.1624198282,-0.1205880603,0.297182314,0.7072553005,0.2717340753,1.273732205,4.502026685,0.3532659247,0.02373034247,0.001812023517,0.0004687894374,0.01124433733,0.002224118647,0.08036317164,-0.2001167971,0.02325248591
35.9,0.03608509892,0.04839294558,-0.1929293738,0.05499984554,-0.1727325968,-0.1267322267,0.3242295638,0.7029541049,0.2738188621,1.274890959,4.502151987,0.351181138,0.02483140266,0.002267517142,3.577676399e-05,0.009889566144,-0.0006534386606,0.05973499813,-0.2117536074,0.02420393013
36,0.0185074692,0.03545013102,-0.1593398686,0.1247155926,-0.1779598114,-0.1319693438,0.3467854411,0.6899163051,0.2758671208,1.276006304,4.50260773,0.3491328792,0.0254572417,0.002402176905,0.001128016547,0.007912419673,-0.003780155521,0.03815378501,-0.2191530073,0.02474187596
36.1,0.0006661652982,0.02203100187,-0.1237318246,0.1926977771,-0.1780007753,-0.1362479019,0.364557577,0.6683223598,0.2778291576,1.277213764,4.504898178,0.3471708424,0.0255493703,0.002199758683,0.003687613992,0.005535734664,-0.006836355157,0.01604932082,-0.2222073706,0.02481684813
36.2,-0.01692089634,0.008234996013,-0.08659521461,0.258104487,-0.1728926089,-0.1394923474,0.3773263883,0.6384646921,0.2796596001,1.278463007,4.510422788,0.3453403999,0.02510517811,0.001748396389,0.007563896146,0.003011543665,-0.009509971206,-0.006141859021,-0.2208895209,0.02441495144
36.3,-0.03374635042,-0.005829754667,-0.04843821604,0.3201284897,-0.1628086408,-0.141604759,0.3849476903,0.60074367,0.2813197661,1.279699683,4.520387592,0.3436802339,0.02417741628,0.001228940919,0.01252274025,0.0005979906679,-0.01152277634,-0.02798453228,-0.2152527793,0.02355844652
36.4,-0.04932677124,-0.02004433356,-0.009779594201,0.3780077612,-0.1480531632,-0.1424680101,0.3873540272,0.5556620408,0.2827796715,1.280979688,4.535728783,0.3422203285,0.02286887381,0.0008886550913,0.01826148026,-0.001463771164,-0.01265364585,-0.04905277863,-0.2054294917,0.02230372558
36.5,-0.06321536078,-0.03427733516,0.02885898374,0.4310353841,-0.1290527052,-0.1419503151,0.3845547181,0.503817902,0.2840195642,1.282486216,4.557053568,0.3409804358,0.02132276884,0.001003757669,0.02442837988,-0.002970610809,-0.01275687913,-0.06893774641,-0.1916280734,0.02073686569
36.6,-0.07501360011,-0.04838367864,0.0669605757,0.478568674,-0.1063440733,-0.1399110096,0.3766346397,0.4458963165,0.2850309,1.284065375,4.58460225,0.3399691,0.01970974764,0.001835891931,0.03064533342,-0.003774528041,-0.01177403879,-0.08725505258,-0.1741286391,0.01896711357
36.7,-0.08438155693,-0.06220405293,0.1040204086,0.5200374055,-0.08055949753,-0.1362073619,0.3637517917,0.3826597011,0.2858167072,1.285534518,4.618233965,0.3391832928,0.01821267139,0.003588526498,0.03653222822,-0.003794391919,-0.009738337583,-0.1036516788,-0.1532773163,0.0171188031
36.8,-0.09104657998,-0.07556508459,0.1395530208,0.5549510213,-0.05240929729,-0.1307021754,0.346133713,0.3149371383,0.2863913248,1.286714279,4.657436924,0.3386086752,0.0170105481,0.006369451465,0.04173129009,-0.003021390758,-0.006771256067,-0.1178122378,-0.1294793641,0.01532231455
36.9,-0.09481015588,-0.08828029414,0.173098992,0.5829047257,-0.02266255101,-0.123271906,0.3240728369,0.2436127781,0.2867795346,1.287444144,4.701362287,0.3382204654,0.01626302064,0.0101648814,0.04592974607,-0.001517876182,-0.003071749614,-0.1294644988,-0.1031912441,0.01370474466
37,-0.09555275533,-0.1001518774,0.2042311604,0.6035843801,0.007873696645,-0.1138149943,0.297920892,0.1696135095,0.2870151429,1.287639156,4.748879217,0.3379848571,0.01609674858,0.01482928942,0.04887927341,0.0005901019028,0.001100958743,-0.1383840729,-0.07491180995,0.01238096545
37.1,-0.09323655052,-0.1109733178,0.2325602369,0.6167701375,0.03837611628,-0.1022600971,0.2680824709,0.09389609547,0.2871391,1.288149573,4.798647221,0.3378609,0.01659482985,0.02009313742,0.05041094971,0.003125703849,0.005449459844,-0.1443981827,-0.04517279604,0.01144570833
37.2,-0.08790594481,-0.1205328032,0.2577397406,0.6223387717,0.06802706958,-0.08857389768,0.2350079024,0.01743396815,0.2871972683,1.289356932,4.849200791,0.3378027317,0.01779011941,0.02558837483,0.05044475573,0.005878315773,0.009663173351,-0.1473884522,-0.01452880148,0.01096722095
37.3,-0.07968591506,-0.1286173897,0.2794701919,0.6202646772,0.09603627962,-0.07276817979,0.1991855693,-0.05879611008,0.2872379703,1.291243134,4.899040568,0.3377620298,0.01966294218,0.03088923472,0.04899308316,0.008623004079,0.01344413016,-0.1472926793,0.01645303118,0.01098291781
37.4,-0.06877822686,-0.1350178237,0.2975025167,0.6106195376,0.1216616074,-0.05490586656,0.1611338241,-0.1338273185,0.2873094534,1.29373957,4.946724954,0.3376905466,0.02214330272,0.03556375705,0.04615813223,0.01114057601,0.01653132482,-0.1441055693,0.04720343704,0.01149728978
37.5,-0.05545564016,-0.1395339038,0.3116406279,0.5935706779,0.144228375,-0.03510575144,0.1213926535,-0.2067157821,0.2874574145,1.296733431,4.990956184,0.3375425855,0.0251172999,0.03922988331,0.04212351615,0.01323642455,0.01872160224,-0.1378784288,0.0771613471,0.0124821673
37.6,-0.04005427721,-0.1419802414,0.3217431675,0.5693781383,0.1631467181,-0.01354568332,0.08051524627,-0.2765531148,0.2877227126,1.300077615,5.030655384,0.3372772874,0.02843709648,0.04160910689,0.03714078691,0.01475651643,0.0198853797,-0.1287178425,0.1057839062,0.01387925889
37.7,-0.02296437296,-0.1421922533,0.3277244066,0.5383905243,0.1779265099,0.009535987874,0.03905961054,-0.3424783194,0.2881393889,1.303603296,5.065022045,0.3368606111,0.03193350363,0.04257065535,0.03151193207,0.01559920765,0.01997598353,-0.1167833704,0.1325560034,0.01560472481
37.8,-0.004619671115,-0.1400322065,0.3295543158,0.5010397058,0.1881894668,0.03384084838,-0.002419615693,-0.4036888749,0.2887330885,1.307134011,5.093574506,0.3362669115,0.03543004122,0.04216005075,0.02556914054,0.01572200611,0.01903195371,-0.1022843235,0.1569991415,0.01755540664
37.9,0.01451423628,-0.1353951203,0.3272578314,0.4578344548,0.1936781296,0.05901282718,-0.04337902951,-0.459450857,0.289519953,1.310500028,5.116169446,0.3354800471,0.03875724271,0.04060755884,0.01965328162,0.01514289863,0.01717228614,-0.08547569278,0.1786794891,0.01961622693
38,0.0339523016,-0.1282143289,0.320913357,0.4093531255,0.1942614985,0.08464259835,-0.08329388288,-0.5091079571,0.2905060253,1.313551773,5.132999818,0.3344939748,0.04176599251,0.03831431932,0.01409257786,0.01393637116,0.01458518532,-0.06665331873,0.1972149782,0.02166820626
38.1,0.05320280517,-0.1184665049,0.3106505497,0.3562354914,0.189937201,0.1102739431,-0.1216649508,-0.5520892859,0.291687179,1.316171205,5.144572156,0.3333128211,0.04433880787,0.03581658669,0.009182880895,0.012224726,0.01151143605,-0.04614840466,0.2122813358,0.02359652039
38.2,0.07178018048,-0.106175952,0.2966474504,0.2991738679,0.1808301623,0.1354119724,-0.1580247571,-0.5879158671,0.2930495556,1.318280267,5.15166548,0.3319504444,0.04639819252,0.03373119707,0.00517078891,0.01016569623,0.008223927484,-0.02432148329,0.223616958,0.02529803922
38.3,0.0892175342,-0.0914179894,0.2791270277,0.2389036533,0.1671878504,0.1595330502,-0.1919430834,-0.6162057525,0.2945704684,1.319845796,5.15527516,0.3304295316,0.04791147126,0.03268778835,0.002240593426,0.00793764,0.0050051401,-0.0015559568,0.2310265644,0.02668784722
38.4,0.1050785259,-0.07432126757,0.2583532084,0.1761934296,0.1493722607,0.1820961991,-0.223031705,-0.6366777123,0.2962197111,1.320880618,5.156545947,0.3287802889,0.04889183708,0.03325514205,0.000505732952,0.005723746458,0.002124518786,0.02174866596,0.2343835957,0.0277043372
38.5,0.1189682937,-0.05506888025,0.234626475,0.1118347662,0.1278488951,0.2025557191,-0.2509483152,-0.6491534775,0.2979611904,1.32144261,5.156698853,0.3270388097,0.04939567307,0.03587004748,5.088721478e-06,0.003696692671,-0.0001824027221,0.04518370857,0.2336313432,0.02831258603
38.6,0.1305431407,-0.033898167,0.2082791127,0.04663187242,0.1031730716,0.2203747026,-0.2753996161,-0.6535585359,0.2997547932,1.321826984,5.156956771,0.3252452069,0.04951652224,0.04077716598,0.0007041100944,0.002005064752,-0.001731476658,0.06833831626,0.2287828251,0.02850585327
38.7,0.1395187364,-0.01109913405,0.1796701886,-0.01860875879,0.07597397426,0.2350390933,-0.296143572,-0.6499215045,0.3015583908,1.322175597,5.158473492,0.3234416093,0.04937634151,0.04798745498,0.002500430472,0.0007626163501,-0.002402714849,0.09080637162,0.2199194491,0.02830518061
38.8,0.1456766286,0.01298854237,0.1491803473,-0.08308857464,0.04693690919,0.2460719104,-0.3129908389,-0.6383721235,0.3033298817,1.322446502,5.162270344,0.3216701183,0.04911487174,0.05726087694,0.005233351823,4.111343125e-05,-0.002147506314,0.1121932184,0.2071885233,0.02775720121
38.9,0.1488689135,0.03797992665,0.1172065038,-0.1460269195,0.01678428211,0.2530472381,-0.3258053942,-0.6191379376,0.3050291786,1.322620144,5.169183905,0.3199708214,0.04887806949,0.06811655176,0.008696355234,-0.0001328577043,-0.0009899229709,0.1321220819,0.1907996977,0.02693038459
39,0.1490209609,0.06345060501,0.08415651143,-0.2066705978,-0.01374415853,0.2556035806,-0.3345044086,-0.5925397455,0.3066200515,1.322678731,5.179827326,0.3183799485,0.04880657349,0.07987049036,0.01265164849,0.000222876819,0.0009777362343,0.150240085,0.1710204374,0.02591003658
39.1,0.1461321514,0.08894375384,0.05044387905,-0.2643029241,-0.04391125304,0.2534561845,-0.339057411,-0.5589859182,0.3080717501,1.32296318,5.194566788,0.3169282499,0.04902512143,0.09169790571,0.01684569512,0.001050447985,0.003604543692,0.1662237667,0.148170642,0.02479243988
39.2,0.1402746347,0.1139783728,0.01648260379,-0.3182521535,-0.07300197732,0.2464079498,-0.339484806,-0.5189656966,0.3093603397,1.323637939,5.213513536,0.3156396604,0.04963370188,0.102714195,0.02102468155,0.002259265759,0.006694672438,0.1797840257,0.1226165391,0.02367855578
39.3,0.1315901752,0.1380585235,-0.01731781777,-0.3678991952,-0.1003420629,0.2343585795,-0.3358558127,-0.4730415929,0.3104697005,1.324770877,5.236530949,0.3145302996,0.05070103756,0.1120663595,0.02494896311,0.003735433797,0.01002395876,0.1906704234,0.09476398772,0.02266771186
39.4,0.1202852028,0.1606833825,-0.05055714654,-0.4126845278,-0.1253151799,0.2173116561,-0.3282858959,-0.4218410268,0.3113921552,1.326394654,5.263255191,0.3136078448,0.05226076998,0.1190251617,0.02840567337,0.005352284935,0.01335783953,0.198674792,0.06505133218,0.02185167439
39.5,0.1066242379,0.1813578863,-0.08284887881,-0.4521142446,-0.1473782198,0.1953793843,-0.316933766,-0.366047333,0.3121287041,1.328505845,5.293127296,0.312871296,0.05431047454,0.1230678934,0.03121886919,0.006981052661,0.01646917658,0.2036341129,0.03394194892,0.02130945391
39.6,0.09092189939,0.1996037258,-0.1138244056,-0.4857651751,-0.166074273,0.1687847941,-0.3019980229,-0.3063902824,0.3126888641,1.331066807,5.325433966,0.312311136,0.05681340076,0.1239423342,0.03325679819,0.008500773439,0.01915457733,0.2054326397,0.001916627881,0.02110312145
39.7,0.07353374455,0.2149704277,-0.143136822,-0.513289039,-0.1810429679,0.1378612647,-0.2837135182,-0.2436362558,0.3130901242,1.334009977,5.359354128,0.3119098758,0.0597026246,0.1217042449,0.03443609793,0.009806670605,0.02124802767,0.2040032566,-0.03053407513,0.02127482923
39.8,0.05484621817,0.2270462514,-0.1704643608,-0.5344156074,-0.1920279175,0.1030492973,-0.2623475066,-0.1785782119,0.3133570432,1.337244103,5.394008144,0.3116429568,0.06288713391,0.1167234141,0.03472294991,0.01081648032,0.02263094424,0.1993280768,-0.06291738568,0.02184513981
39.9,0.0352660087,0.2354686244,-0.1955134349,-0.5489548548,-0.1988811047,0.06489053904,-0.2381956546,-0.1120255835,0.3135200307,1.340661781,5.428506739,0.3114799693,0.06625925509,0.1096565674,0.03413140174,0.01147441767,0.02323809815,0.191438295,-0.09474563761,0.02281267831
40,0.01520912276,0.2399338469,-0.2180212747,-0.5567981039,-0.2015641297,0.02401913255,-0.2115779655,-0.0447942328,0.3136138659,1.344147661,5.461996985,0.3113861341,0.06970277336,0.1013890098,0.03271922673,0.01175272052,0.02305922776,0.180413324,-0.1255432715,0.02415504025
40.1,-0.004910008469,0.2402058024,-0.2377581567,-0.5579181727,-0.2001463315,-0.01884946049,-0.1828346765,0.02230341189,0.3136760195,1.347586627,5.493703108,0.3113239805,0.0731011002,0.09295031615,0.03058180297,0.01165092567,0.02213651107,0.1663792514,-0.1548534095,0.02583081688
40.2,-0.02468908272,0.2361234334,-0.2545292227,-0.5523685506,-0.1947998901,-0.06293194359,-0.1523221731,0.08846792515,0.3137448531,1.350871373,5.522960411,0.3112551469,0.07634489409,0.08541232389,0.02784456208,0.0111932085,0.02055838047,0.1495066632,-0.1822439273,0.02778254568
40.3,-0.04374784694,0.2276067655,-0.268175892,-0.5402816349,-0.1857920992,-0.1073926941,-0.1204089601,0.1529220546,0.3138577785,1.353908862,5.549241175,0.3111422215,0.07933863461,0.07977979242,0.02465458026,0.0104242394,0.01845041095,0.1300078881,-0.2073129554,0.02994035623
40.4,-0.06173711436,0.2146612924,-0.2785768757,-0.5218660758,-0.1734750811,-0.1513609537,-0.08747172052,0.2149194004,0.3140494614,1.356625295,5.572171946,0.3109505386,0.08200577358,0.07688511386,0.02117186612,0.009404073794,0.01596418178,0.1081337233,-0.2296937629,0.03222606342
40.5,-0.07834663931,0.1973805745,-0.2856488022,-0.4974032806,-0.1582732874,-0.1939493093,-0.05389148562,0.2737525216,0.3143501551,1.358969368,5.591542179,0.3106498449,0.08429222615,0.07729827497,0.01756084686,0.008202598701,0.01326509444,0.08416970277,-0.2490589866,0.03455745883
40.6,-0.09331164785,0.1759469432,-0.2893464655,-0.4672431388,-0.1406691894,-0.2342730301,-0.02004993282,0.3287604008,0.3147842459,1.360913746,5.60730464,0.3102157541,0.08616810753,0.08126186787,0.01398247599,0.006894014724,0.01052012794,0.05843197774,-0.265124186,0.03685256501
40.7,-0.1064178658,0.150630247,-0.2896627105,-0.4317990354,-0.1211876114,-0.2714698004,0.01367417816,0.3793352075,0.315369083,1.362454811,5.619568374,0.309630917,0.08762775448,0.0886584686,0.01058729056,0.00555175126,0.007886433349,0.03126287456,-0.2776507186,0.03903364442
40.8,-0.1175049323,0.1217846247,-0.2866279693,-0.3915422256,-0.1003791943,-0.3047193664,0.04690842524,0.4249283143,0.3161141548,1.36361087,5.628585299,0.3088858452,0.08868818626,0.09901439801,0.007509643815,0.004244108551,0.005501528544,0.003026199558,-0.2864479393,0.04103078992
40.9,-0.1264681375,0.08984333914,-0.2803094621,-0.3469956456,-0.07880349826,-0.3332626149,0.07928999883,0.4650555293,0.3170206562,1.3644191,5.634731675,0.3079793439,0.08938625058,0.111540097,0.004863238184,0.00303080864,0.00347566782,-0.02589764326,-0.2913747429,0.04278496437
41,-0.1332584738,0.05531175029,-0.2708100784,-0.2987272412,-0.05701225643,-0.356419605,0.1104688326,0.4993015186,0.3180814737,1.364931551,5.638485781,0.3069185263,0.08977476316,0.1252034898,0.0027379913,0.001960531839,0.00188674956,-0.05511665676,-0.2923404728,0.04425039895
41.1,-0.1378810411,0.0187585576,-0.258266952,-0.2473428957,-0.03553328346,-0.3736060978,0.1401105933,0.527323403,0.3192815928,1.365210585,5.6404031,0.3057184072,0.08991798332,0.1388291917,0.001198189761,0.001069426674,0.0007779078214,-0.0842323159,-0.2893052309,0.04539629984
41.2,-0.1403918957,-0.01919451832,-0.2428497442,-0.1934790387,-0.01485551549,-0.38434816,0.1678995316,0.5488535212,0.3205989098,1.365324096,5.641090262,0.3044010903,0.08988677587,0.1512136186,0.0002818244755,0.0003805160389,0.0001577273751,-0.1128446355,-0.282279626,0.04620784951
41.3,-0.1408934778,-0.0578844017,-0.224758648,-0.1377950212,0.004584379425,-0.3882944623,0.193541197,0.5637013591,0.322005408,1.365343273,5.641178857,0.302994592,0.0897537937,0.161244291,9.600432882e-07,-9.611744028e-05,2.840900075e-06,-0.1405571865,-0.2713240016,0.04668651827
41.4,-0.1395287957,-0.09661942859,-0.204222129,-0.08096533909,0.02241343448,-0.3852259469,0.2167650148,0.5717546522,0.3234686387,1.365378004,5.64130006,0.3015313613,0.08958898102,0.168011079,0.0003429678455,-0.0003624999465,0.0002625216397,-0.1669820108,-0.2565471878,0.04684972575
41.5,-0.1364745779,-0.1346929377,-0.1814944139,-0.02367178663,0.03833153775,-0.3750626017,0.2373267231,0.5729796745,0.3249534269,1.36547312,5.642060843,0.3000465732,0.08945564963,0.1708978888,0.001272446973,-0.0004314198852,0.0008647808906,-0.1917443891,-0.2381048188,0.04672990774
41.6,-0.1319336341,-0.1713973858,-0.1568527442,0.03340437824,0.05211805578,-0.3578671508,0.2550106608,0.5674207312,0.3264237107,1.365639934,5.644022395,0.2985762893,0.08940732359,0.1696452573,0.002733665832,-0.0003246838928,0.00172341915,-0.2144874211,-0.2161972584,0.04637305418
41.7,-0.1261266883,-0.2060386728,-0.1305944081,0.08959017948,0.06363575639,-0.3338455435,0.2696318955,0.5551988776,0.3278444156,1.365883286,5.647681166,0.2971555844,0.0894854864,0.164377309,0.004653376706,-7.10766823e-05,0.00274546121,-0.2348763793,-0.1910671728,0.04583678904
41.8,-0.119283959,-0.2379503536,-0.1030335686,0.1442285026,0.07283194416,-0.3033442066,0.2810381746,0.5365098912,0.3291832588,1.366224271,5.653452871,0.2958167412,0.08971830201,0.1555902096,0.006943881743,0.0002958868825,0.003838424978,-0.2526028049,-0.1629967839,0.04518806432
41.9,-0.1116367646,-0.2665074153,-0.07449790576,0.1966854355,0.0797368086,-0.2668441024,0.2891116776,0.5116215259,0.3304123881,1.366713802,5.661659641,0.294587612,0.09012031902,0.1441032464,0.009506257905,0.000740333519,0.00491692565,-0.2673883139,-0.1323048363,0.04450054005
42,-0.1034094306,-0.2911393047,-0.04532509569,0.2463573001,0.08445907116,-0.2249517161,0.2937705443,0.4808700806,0.3315097649,1.367354182,5.672520452,0.2934902351,0.09069310944,0.1309775409,0.01223367659,0.001226437245,0.005908194639,-0.2789880863,-0.09934330194,0.04385172196
42.1,-0.09481176113,-0.3113419095,-0.01585914816,0.2926773079,0.08717910026,-0.1783871717,0.2949701487,0.4446563178,0.3324602198,1.3681362,5.686144901,0.2925397802,0.09142673865,0.11741075,0.01501477786,0.00172075444,0.006756189679,-0.2871940147,-0.06449384585,0.04331992911
42.2,-0.08603231412,-0.326688218,0.01355336857,0.3351217768,0.08813974098,-0.1279697486,0.2927040863,0.4034407697,0.3332561254,1.369042848,5.702530381,0.2917438746,0.09230191629,0.1046185756,0.01773707683,0.002194364069,0.007424082497,-0.291837487,-0.02816406851,0.04298116678
42.3,-0.07723269618,-0.336837415,0.04256718597,0.3732158493,0.08763517622,-0.07460113292,0.2870048382,0.3577384725,0.3338976583,1.370051851,5.721562662,0.2911023417,0.09329263735,0.09371523005,0.02029038921,0.002624670946,0.007895027532,-0.2927917835,0.009216460399,0.04290598582
42.4,-0.06854305362,-0.3415422052,0.07084224233,0.4065386573,0.08599819569,-0.01924679712,0.2779440789,0.3081131707,0.334392641,1.371138327,5.743019912,0.290607359,0.09436909317,0.08560504525,0.0225702632,0.002996720989,0.008171233989,-0.2899740673,0.04720036659,0.04315641717
42.5,-0.06005889888,-0.3406541986,0.09804760112,0.4347278827,0.08358629776,0.0370840552,0.2656325892,0.2551710399,0.3347559836,1.37227739,5.766580136,0.2902440164,0.09550061422,0.08089618078,0.02448139593,0.003303884247,0.008271479051,-0.2833469485,0.08532682487,0.04378308014
42.6,-0.05183936597,-0.3341272394,0.1238653398,0.4574836689,0.08076708414,0.09335950701,0.2502197437,0.1995539754,0.3350087641,1.37344646,5.791832017,0.2899912359,0.09665840311,0.07984501262,0.02594099539,0.003547789188,0.008227307283,-0.272919604,0.1231260934,0.04482257256
42.7,-0.04390694189,-0.3220186046,0.1479943644,0.4745718405,0.07790342894,0.148546413,0.2318925413,0.1419325001,0.3351770069,1.374627095,5.818289061,0.2898229931,0.09781782992,0.08233652812,0.02688202478,0.003737442444,0.008078254996,-0.2587484353,0.1601242188,0.04629525912
42.8,-0.03624867202,-0.3044880517,0.1701541038,0.4858263981,0.07533890952,0.2016318476,0.2108741549,0.0829983497,0.3352902348,1.37580619,5.845406889,0.2897097653,0.09896009249,0.08790227103,0.02725623788,0.003887540012,0.007866513293,-0.240937248,0.1958479005,0.0482035788
42.9,-0.02881878931,-0.2817947453,0.1900880338,0.4911512573,0.07338397854,0.2516440151,0.1874219822,0.02345679454,0.3353798775,1.376976419,5.872603417,0.2896201226,0.1000730936,0.09577347494,0.02703688494,0.004016063402,0.007631494149,-0.2196369367,0.2298294984,0.05053099113
43,-0.02154267011,-0.2542921388,0.2075669808,0.4905212104,0.07230333321,0.297672136,0.1618251878,-0.0359812354,0.3354776276,1.378135888,5.899281513,0.2895223724,0.1011514516,0.1049634124,0.02622094177,0.004141347857,0.007404785075,-0.1950446638,0.2616121631,0.0532416724
43.1,-0.01432197549,-0.2224209385,0.2223921545,0.4839820922,0.07230490051,0.3388848531,0.134401736,-0.09460715271,0.3356138313,1.379287008,5.924853574,0.2893861687,0.1021956389,0.1143700495,0.02483069439,0.004278897905,0.007205965208,-0.1674025199,0.2907550631,0.0562810552
43.2,-0.007040797738,-0.1867003186,0.2343978588,0.4716501438,0.07353080748,0.3745467411,0.1054949243,-0.1517227677,0.3358159956,1.380434702,5.948767298,0.2891840044,0.1032103287,0.1228881357,0.02291450175,0.004438294843,0.007039706292,-0.1369956571,0.3168386731,0.05957727743
43.3,0.0004274026317,-0.1477175953,0.2434538313,0.4537105701,0.07605064395,0.4040325517,0.07546943815,-0.206648318,0.3361074869,1.381584102,5.970531722,0.2888925132,0.1042021131,0.1295190722,0.02054656299,0.004620579099,0.006894495356,-0.104149894,0.3394700832,0.06304356889
43.4,0.008212310859,-0.106116603,0.2494671665,0.4304153007,0.07985725433,0.4268388883,0.04470696111,-0.2587303894,0.3365064761,1.382737995,5.989742484,0.2884935239,0.1051768368,0.1334673548,0.01782553646,0.004816487591,0.006743194308,-0.0692287889,0.3582882784,0.06658155784
43.5,0.01643898453,-0.06258504169,0.2523837789,0.4020799657,0.0848652167,0.4425930692,0.01360138265,-0.3073496431,0.337025177,1.383894296,6.006105057,0.2879748231,0.1061368475,0.1342140132,0.01487189664,0.005005876526,0.006545501087,-0.03263018995,0.3729693308,0.0700854255
43.6,0.02522006587,-0.01784108582,0.2521893697,0.3690801141,0.0909120839,0.4510590106,-0.01744633792,-0.3519282592,0.3376693999,1.385043873,6.019454708,0.2873306001,0.1070785022,0.1315600716,0.01182397327,0.005158563099,0.00625220671,0.005217726831,0.3832314362,0.07344677916
43.7,0.03464825622,0.02738044157,0.2489098648,0.3318467042,0.09776237533,0.4521400365,-0.04803358536,-0.3919370079,0.3384384331,1.386169033,6.029771815,0.2865615669,0.1079902709,0.1256363478,0.008832691748,0.005236680949,0.005810965243,0.04386091283,0.3888397244,0.07656005546
43.8,0.04478932338,0.07234202141,0.2426113011,0.2908609107,0.1051142218,0.4458786003,-0.0777617021,-0.4269018553,0.3393252418,1.387242958,6.037191342,0.2856747582,0.1088517492,0.1168795129,0.006055122607,0.005198475809,0.005173124679,0.08282436819,0.3896107609,0.07932821048
43.9,0.05567589902,0.1163172111,0.233399145,0.2466482969,0.1126084823,0.4324529796,-0.1062417148,-0.4564100151,0.3403169647,1.388230284,6.042005328,0.2846830353,0.1096338221,0.1059778711,0.003647045675,0.005003286252,0.004301022379,0.1216174945,0.3854166559,0.08166840679
44,0.06730230078,0.1586039401,0.2214170365,0.1997724143,0.1198400736,0.4121710771,-0.1331000798,-0.4801153568,0.3413956731,1.389088955,6.044657586,0.2836043269,0.1103001205,0.09379340494,0.001754833098,0.00461728032,0.003175045632,0.1597398348,0.3761886924,0.08351737356
44.1,0.07962058443,0.19853705,0.2068449619,0.1508278963,0.1263711802,0.3854615354,-0.1579843473,-0.4977430868,0.3425393488,1.389773321,6.045730094,0.2824606512,0.1108097844,0.0812689379,0.0005070481261,0.004019373683,0.001799710408,0.1966871495,0.3619203841,0.08483609959
44.2,0.09253799501,0.2354998214,0.1898968682,0.1004331238,0.1317459539,0.3528624296,-0.1805686407,-0.5090936209,0.34372303,1.390238341,6.045921046,0.28127697,0.111121402,0.06933057963,6.233305924e-06,0.003206659406,0.0002080302558,0.2319577645,0.3426698742,0.0856135236
44.3,0.105915944,0.2689342638,0.170817744,0.04922254728,0.1355062589,0.3150078635,-0.2005588467,-0.5140455793,0.3449200689,1.390578186,6.046015003,0.2800799312,0.1111978519,0.05879579864,0.0003214141234,0.002198650027,-0.001536462019,0.2650591239,0.3185615909,0.08586891318
44.4,0.1195705936,0.2983499737,0.1498801991,-0.002161244826,0.1372079827,0.2726128354,-0.2176974111,-0.5125578368,0.3461034423,1.390984922,6.046846125,0.2788965578,0.1110116378,0.05029654088,0.001481864048,0.001039679957,-0.003340515994,0.2955144671,0.2897870795,0.08565267585
44.5,0.1332750791,0.3233314109,0.1273805892,-0.05307561232,0.1364374099,0.2264567781,-0.2317676416,-0.5046705772,0.3472470585,1.391452707,6.049256031,0.2777529416,0.1105502073,0.04422489591,0.003472658018,-0.0002010572321,-0.005085041133,0.3228695454,0.2566049412,0.08504541958
44.6,0.1467633509,0.3435434794,0.1036347388,-0.102886004,0.132827147,0.1773662006,-0.2425974221,-0.4905053108,0.348327002,1.392122987,6.054048298,0.2766729981,0.1098206794,0.04070614628,0.006232480042,-0.001432162626,-0.006632042313,0.3466992846,0.2193398196,0.0841551752
44.7,0.1597355654,0.3587353466,0.07897332534,-0.1509740469,0.1260710934,0.12619687,-0.250062253,-0.4702638253,0.3493226636,1.393050136,6.061942051,0.2756773364,0.1088534003,0.03960092874,0.009654046313,-0.002545445976,-0.007834300107,0.3666142977,0.1783803876,0.08311280297
44.8,0.1718649044,0.3687424747,0.05373699675,-0.1967454763,0.115937977,0.07381597449,-0.2540875435,-0.4442260599,0.3502177074,1.394174777,6.073527384,0.2747822927,0.1077037964,0.04053504079,0.01358736128,-0.003423877661,-0.008547188369,0.3822671438,0.1341763059,0.08206572513
44.9,0.1828056588,0.3734868873,0.02827129928,-0.2396378004,0.1022830079,0.02108469516,-0.2546500924,-0.4127469028,0.351000832,1.395412001,6.089225476,0.273999168,0.1064521033,0.04295249689,0.01784584762,-0.003951559779,-0.008641757535,0.3933582317,0.08723413941,0.08117024675
45,0.1922023654,0.3729757288,0.002921500217,-0.2791275903,0.08505725418,-0.031158408,-0.2517787117,-0.3762519332,0.3516662929,1.39665428,6.109256218,0.2733337071,0.1052007168,0.04618508904,0.02221519272,-0.004024927666,-0.008018006369,0.399641263,0.03811223963,0.08058284095
45.1,0.1996997544,0.3672982199,-0.02197260777,-0.3147372939,0.06431440673,-0.08211282352,-0.2455539621,-0.3352321443,0.3522141588,1.397776785,6.133615905,0.2727858412,0.1040691148,0.04953017941,0.02646454767,-0.003564181615,-0.006617142712,0.4009281126,-0.01258538121,0.08045087164
45.2,0.2049532308,0.3566211435,-0.04608183061,-0.3460414727,0.04021467172,-0.1310299995,-0.2361069858,-0.2902376994,0.352650289,1.398644956,6.162067069,0.272349711,0.103186536,0.05232789317,0.03035951633,-0.002523823146,-0.004431614224,0.3970930482,-0.0642161341,0.08090330042
45.3,0.2076395941,0.3411830266,-0.06909253533,-0.3726723694,0.013025611,-0.1772254589,-0.2236174446,-0.2418707946,0.3529860269,1.399123863,6.1941419,0.2720139731,0.1026828336,0.05402931799,0.03367619749,-0.0009011512673,-0.001511783579,0.3880761968,-0.1161068259,0.08204196477
45.4,0.2074676848,0.3212872107,-0.09071136233,-0.3943247196,-0.01688016277,-0.2200888969,-0.2083105846,-0.1907777124,0.3532376208,1.399267908,6.229159881,0.2717623793,0.102678141,0.05424867409,0.0362154098,0.001258327713,0.002031670748,0.3738861722,-0.167562429,0.08393401868
45.5,0.2041886432,0.2972940196,-0.1106696023,-0.410759734,-0.04903043852,-0.2590920986,-0.1904534726,-0.137640172,0.3534253917,1.399920785,6.266259337,0.2715746083,0.1032721622,0.05279451216,0.03781615066,0.003859409462,0.00603023772,0.3546017915,-0.2178755354,0.08660608974
45.6,0.1976054681,0.2696122497,-0.1287271579,-0.4218081843,-0.0828619178,-0.2937945817,-0.170350464,-0.08316609125,0.3535726869,1.401263791,6.304441667,0.2714273131,0.1045340106,0.0496775653,0.03836732727,0.006760136808,0.01026516063,0.3303728166,-0.266336365,0.09004062861
45.7,0.1875815794,0.2386902104,-0.1446760167,-0.4273725411,-0.1177316056,-0.3238469314,-0.1483379802,-0.028079891,0.353704664,1.403329175,6.342626052,0.271295336,0.1064935526,0.04509561968,0.03781685702,0.009779305068,0.0144799072,0.3014196732,-0.312243178,0.09417481078
45.8,0.1740481077,0.2050065455,-0.1583431716,-0.4274281263,-0.1529308169,-0.3489918623,-0.1247786907,0.02688751751,0.353846966,1.406102714,6.37971163,0.271153034,0.109135161,0.03939835838,0.036177366,0.01270821747,0.01839685036,0.2680321157,-0.3549129301,0.09890220149
45.9,0.1570096668,0.1690610589,-0.1695929336,-0.4220232534,-0.1877014554,-0.3690631004,-0.100055206,0.08100891372,0.3540243543,1.409520563,6.414643414,0.2709756457,0.1123946372,0.03303728235,0.03352791227,0.01532594585,0.02173706437,0.2305668213,-0.3936919929,0.1040772222
46,0.1365484015,0.1313657544,-0.178328595,-0.4112783484,-0.2212541528,-0.383982239,-0.0745634024,0.1335709622,0.3542593719,1.413469836,6.446477802,0.2707406281,0.1161598376,0.02650728988,0.03001141479,0.01741696077,0.02424178869,0.1894439164,-0.4279667569,0.1095222712
46.1,0.1128261476,0.09243628306,-0.1844934117,-0.3953840568,-0.2527877974,-0.3937537697,-0.04870550648,0.1838842624,0.3545711115,1.417793166,6.474443342,0.2704288885,0.1202752525,0.02028715192,0.02582776118,0.01878968913,0.02569386764,0.1451424566,-0.4571739265,0.1150371659
46.2,0.08608459157,0.05278396884,-0.188070887,-0.3745983594,-0.2815099351,-0.3984585365,-0.02288307455,0.2312930951,0.3549741593,1.422297176,6.497992559,0.2700258408,0.1245504492,0.01478590683,0.02122287813,0.01929437275,0.02593736553,0.09819490076,-0.4808103173,0.1204103999
46.3,0.05664336866,0.01290855581,-0.1890843549,-0.3492427358,-0.3066574954,-0.398245894,0.002509994179,0.2751847097,0.3554777793,1.426764413,6.516841053,0.2695222207,0.1287719503,0.01030116861,0.01647435298,0.01883856206,0.02489360325,0.04918063744,-0.4984419667,0.1254315646
46.4,0.02489609586,-0.02670820833,-0.1875958712,-0.3196974278,-0.3275172787,-0.3933248773,0.02709427208,0.3149980019,0.3560853902,1.430968026,6.530990854,0.2689146099,0.1327177872,0.006993644239,0.01187446966,0.0173986977,0.02257206663,-0.00128135702,-0.5097123767,0.1299041744
46.5,-0.008695608463,-0.06560806966,-0.1837044386,-0.2863958714,-0.3434456409,-0.3839547063,0.05051130922,0.3502314394,0.3567943705,1.434688117,6.540735962,0.2682056295,0.1361736899,0.004880012622,0.007711743606,0.01502650496,0.01907498896,-0.05254063467,-0.5143497181,0.1336580754
46.6,-0.04361001013,-0.1033607963,-0.1775436005,-0.2498183799,-0.3538868254,-0.3704349521,0.07242970092,0.3804501048,0.3575962109,1.437728556,6.546649181,0.2674037891,0.1389496757,0.003843996945,0.004252189177,0.01184933328,0.01459488507,-0.1039240539,-0.5121728407,0.1365606139
46.7,-0.07927488878,-0.1395677199,-0.1692784566,-0.2104851713,-0.3583894275,-0.3530956893,0.09255059554,0.4052917383,0.3584770092,1.439932892,6.549550623,0.2665229908,0.1408956922,0.003663249152,0.001721613823,0.008064081788,0.009404875604,-0.1547450926,-0.5030959507,0.1385257897
46.8,-0.1150787005,-0.1738643048,-0.1591021595,-0.1689488459,-0.3566205158,-0.332287941,0.1106125332,0.4244716795,0.3594182834,1.441198038,6.550459553,0.2655817167,0.1419149848,0.004047821471,0.000290199257,0.003924917167,0.003842239811,-0.2043135584,-0.4871318415,0.1395207306
46.9,-0.1503830179,-0.2059217877,-0.1472319648,-0.1257864286,-0.3483770023,-0.3083747025,0.12639552,0.4377866253,0.360398057,1.441540258,6.550532436,0.2646019431,0.1419739858,0.004684738927,6.049922083e-05,-0.0002744386117,-0.001713777214,-0.2519455442,-0.464393584,0.1395689791
47,-0.1845359557,-0.23544796,-0.1339049161,-0.08159109659,-0.3335939149,-0.2817227918,0.1397242589,0.4451171408,0.3613921533,1.442202586,6.550991081,0.2636078468,0.141107759,0.005282645599,0.001059764402,-0.004222551677,-0.006868355714,-0.2969734748,-0.4350946159,0.1387502847
47.1,-0.2168862562,-0.2621871851,-0.119373251,-0.03696372086,-0.3123493164,-0.252695741,0.150470477,0.4464288822,0.3623756191,1.443713714,6.553045539,0.2626243809,0.1394203702,0.005610723209,0.003237211874,-0.007614530135,-0.01123973619,-0.3387560791,-0.3995471918,0.1371968198
47.2,-0.246797693,-0.2859197638,-0.1038996213,0.007495649712,-0.2848656943,-0.221647894,0.1585543082,0.441772512,0.3633241915,1.445908201,6.557816883,0.2616758085,0.1370799472,0.005527026697,0.006466510416,-0.0101766896,-0.01448788992,-0.3766881262,-0.358159193,0.135085976
47.3,-0.2736634322,-0.3064607755,-0.08775222406,0.05119623034,-0.2515077456,-0.1889198244,0.1639447109,0.4312823098,0.3642157151,1.448564966,6.566265041,0.260784285,0.1343086299,0.004992913613,0.01055338003,-0.01168952721,-0.01634094427,-0.4102097612,-0.3114293213,0.1326301352
47.4,-0.296919993,-0.3236585292,-0.07119993767,0.09356473918,-0.2127765747,-0.1548351395,0.1666589217,0.4151735064,0.3650314222,1.451421672,6.579126614,0.2599685778,0.1313680382,0.004072159227,0.01524783261,-0.01200698505,-0.01661720076,-0.4388152813,-0.259940736,0.1300640187
47.5,-0.3160604532,-0.3373927657,-0.05450756134,0.1340533076,-0.1693004187,-0.119698679,0.1667609673,0.3937383871,0.3657569962,1.454192677,6.596866924,0.2592430038,0.128541274,0.002915400143,0.02026023977,-0.01107025353,-0.01524088964,-0.4620612023,-0.2043532218,0.127630397
47.6,-0.3306465612,-0.3475727472,-0.037931248,0.1721469422,-0.1218221099,-0.08379606459,0.164359275,0.3673412369,0.3663833518,1.456589234,6.619649595,0.2586166482,0.1261127833,0.001732475896,0.02528013071,-0.008914799265,-0.01225027309,-0.4795734721,-0.1453940055,0.125565066
47.7,-0.3403194439,-0.3541353657,-0.02171421897,0.2073704272,-0.07118357137,-0.04739450915,0.1596034463,0.3364122158,0.3669070866,1.458340417,6.647325765,0.2580929135,0.1243476126,0.0007567991779,0.02999641949,-0.005669864442,-0.007797304206,-0.4910537051,-0.08384736484,0.1240820609
47.8,-0.3448086308,-0.3570433906,-0.006082839891,0.2392945647,-0.01830772422,-0.01074474477,0.15268027,0.3014402737,0.3673305798,1.45921315,6.679443652,0.2576694202,0.1234716742,0.0002068880061,0.0341176543,-0.001550324592,-0.002138720044,-0.4962843237,-0.02054319784,0.1233600765
47.9,-0.3439391579,-0.3562839562,0.008756870529,0.2675416648,0.03582174592,0.0259161098,0.1438090715,0.2629652288,0.3676617368,1.459522516,6.715277791,0.2573382633,0.1236545796,0.0002505156716,0.03739087966,0.00315854688,0.004380862133,-0.4951325124,0.04365525643,0.1235309931
48,-0.3376365624,-0.3518673756,0.02262223808,0.2917902058,0.09018225687,0.06236095592,0.1332365074,0.2215691484,0.3679134021,1.460870636,6.753875893,0.2570865979,0.1249964197,0.0009765408281,0.03961780566,0.008122237922,0.0113526253,-0.4875529102,0.1078643402,0.1246712781
48.1,-0.3259296311,-0.3438263391,0.03535638718,0.3117786054,0.1437352809,0.09836863562,0.1212309239,0.1778671808,0.3681024857,1.463414299,6.794120047,0.2568975143,0.1275195645,0.002378424658,0.0406671795,0.01298238683,0.0183322345,-0.4735889883,0.1711933211,0.1267968415
48.2,-0.3089508242,-0.3322155352,0.04683011444,0.3273080529,0.1954497981,0.1337196226,0.1080764082,0.132497997,0.3682488634,1.467103536,6.834798046,0.2567511366,0.131166166,0.004351861343,0.04048253587,0.01738432816,0.02487133381,-0.4533730806,0.2327579295,0.129861702
48.3,-0.2869343532,-0.3171117025,0.0569431574,0.3382443735,0.2443256566,0.168191748,0.09406666437,0.08611400322,0.3683741274,1.471810545,6.874679931,0.2566258726,0.1358015917,0.006707044452,0.03908484403,0.02100452464,0.03054944058,-0.4271250621,0.2916938542,0.1337605616
48.4,-0.260211952,-0.298614096,0.06562484789,0.3445189094,0.2894162476,0.2015562242,0.07949884994,0.03937149086,0.3685002685,1.477338388,6.912594576,0.2564997315,0.141223547,0.009194108379,0.03656994148,0.02357561599,0.03500378735,-0.395149688,0.3471699642,0.13833513
48.5,-0.2292064397,-0.2768453262,0.0728341525,0.346128419,0.3298499192,0.2335742177,0.06466750532,-0.007079115451,0.3686483761,1.483434776,6.947501187,0.2563516239,0.1471761909,0.01153847422,0.03310101996,0.02490701623,0.03795483133,-0.3578326353,0.3984010279,0.1433837869
48.6,-0.1944232263,-0.2519525033,0.07855911605,0.3431340126,0.3648495888,0.2639942035,0.04985870592,-0.0526027507,0.3688374335,1.489809872,6.978551059,0.2561625665,0.1533681555,0.01348142645,0.02889677851,0.02489937384,0.03922550752,-0.3156353053,0.4446597099,0.1486739518
48.7,-0.1564399694,-0.2241085983,0.08281573662,0.3356591587,0.3937500611,0.292550304,0.03534455847,-0.09658879271,0.3690832816,1.496156732,7.005135696,0.2559167184,0.1594930768,0.01482043417,0.02421615519,0.02355173722,0.03875281235,-0.2690884728,0.4852876421,0.1539563509
48.8,-0.1158946316,-0.1935139142,0.08564631203,0.3238868076,0.4160126194,0.3189617777,0.02137815328,-0.1384595939,0.3693978058,1.50217281,7.026918404,0.2556021943,0.1652510591,0.01544361891,0.01934077143,0.02096089398,0.0365909257,-0.2187848809,0.5197053802,0.1589802532
48.9,-0.0734722299,-0.1603975448,0.08711730856,0.3080556953,0.4312365336,0.3429337844,0.008189071566,-0.1776783332,0.3697883866,1.507580892,7.043847721,0.2552116135,0.1703694388,0.01535338589,0.01455635577,0.01731301897,0.03290575599,-0.1653709036,0.5474210816,0.1635086882
49,-0.02989060096,-0.1250186907,0.08731681176,0.2884559011,0.4391672065,0.364159502,-0.004020467693,-0.2137560726,0.3702576347,1.51214789,7.0561523,0.2547423653,0.174621291,0.01467550918,0.01013444954,0.01286841301,0.0279614688,-0.1095374106,0.5680377631,0.1673326723
49.1,0.0141144722,-0.08766769352,0.0863516268,0.2654237431,0.4397007751,0.3823236204,-0.01507875324,-0.2462579231,0.3708034128,1.515700107,7.064318157,0.2541965872,0.1778403263,0.01365174713,0.006315634962,0.007940683218,0.02210017624,-0.05200998157,0.5812590244,0.1702835458
49.2,0.05780441227,-0.04866665426,0.08434410187,0.239336105,0.4328850722,0.397107186,-0.02484696901,-0.2748082386,0.3714191275,1.518133925,7.06905038,0.2535808725,0.1799311333,0.01261614515,0.003295375545,0.002872158862,0.01571647198,0.006461370653,0.5868931541,0.1722426618
49.3,0.1004529137,-0.008369501549,0.08142875209,0.2106042952,0.4189169544,0.4081937149,-0.03322079179,-0.2990947786,0.3720942611,1.519505401,7.071222346,0.2529057389,0.1808741072,0.01195730592,0.001213332686,-0.001992385956,0.009228856259,0.06511280513,0.584855563,0.1731478535
49.4,0.1413605633,0.03283860889,0.07774876378,0.1796675428,0.3981360958,0.4152764437,-0.04013118605,-0.3188717992,0.3728150985,1.520536937,7.071816255,0.2521849015,0.1807248351,0.01207080611,0.000146742468,-0.006331538375,0.003050278254,0.1231774159,0.5751695226,0.1729963278
49.5,0.1798686718,0.07454266952,0.07345245927,0.1469862383,0.3710154403,0.4180665362,-0.04554440207,-0.3339620519,0.3735655981,1.521492774,7.071859191,0.2514344019,0.1796081439,0.01330737238,0.0001081254437,-0.009870514488,-0.002439978113,0.1798959847,0.5579652165,0.1718438741
49.6,0.2153719942,0.1163000556,0.06868980069,0.11303503,0.3381485906,0.4163020216,-0.04946120142,-0.3442576895,0.3743283491,1.523092991,7.072359066,0.2506716509,0.1777074203,0.01592320779,0.001047285424,-0.01240009425,-0.006921020041,0.2345275555,0.533477144,0.1698005187
49.7,0.2473300506,0.1576436794,0.06360900831,0.0782958837,0.3002344927,0.4097572031,-0.05191535123,-0.3497200987,0.3750855583,1.525277069,7.074244563,0.2499144418,0.1752501579,0.02003886928,0.002857254957,-0.01378984848,-0.01014997747,0.2863596707,0.5020399427,0.1670229825
49.8,0.2752767981,0.1980860967,0.05835336355,0.04325121066,0.2580598399,0.3982522447,-0.05297144477,-0.3503786945,0.3758200117,1.52779447,7.078312762,0.2491799884,0.1724909361,0.02561231474,0.005383587322,-0.0139948067,-0.01197529719,0.3347181129,0.4640827256,0.1637044956
49.9,0.2988284485,0.237124568,0.05305826087,0.008377166597,0.212479679,0.381662624,-0.05272211943,-0.3463287311,0.3765159632,1.530384157,7.08518741,0.2484840368,0.169693185,0.03243023772,0.008436194718,-0.01305529265,-0.01234299903,0.3789760124,0.4201220514,0.160062678
50,0.3176892788,0.2742470449,0.04784856434,-0.02586278447,0.1643967413,0.3599281267,-0.05128475576,-0.3377281981,0.377159908,1.532792605,7.095289908,0.2478400921,0.1671111233,0.04011975036,0.01180280201,-0.01109023353,-0.01129576793,0.4185621885,0.3707536697,0.1563262946
50.1,0.3316553331,0.308939019,0.04283631666,-0.05902395341,0.1147400498,0.3330610577,-0.04879775021,-0.3247938834,0.3777412097,1.53479043,7.108824156,0.2472587903,0.1649731747,0.04818009339,0.01526303049,-0.008284777087,-0.008965312162,0.4529686104,0.3166431998,0.152721739
50.2,0.340615974,0.3406911401,0.03811883784,-0.09068607775,0.06444336686,0.3011533498,-0.04541646187,-0.3077966957,0.3782525603,1.536186466,7.125775393,0.2467474398,0.1634679934,0.05603162167,0.01860214599,-0.00487348348,-0.00555891127,0.4817568805,0.2585159175,0.1494600857
50.3,0.3445532926,0.3690074771,0.03377724137,-0.1204584728,0.01442404047,0.2643822743,-0.04130893751,-0.2870563488,0.3786902583,1.536838439,7.145922236,0.2463097417,0.1627339676,0.0630771258,0.0216235942,-0.001120661585,-0.001341469704,0.504563659,0.1971458358,0.1467254833
50.4,0.3435394466,0.393414269,0.02987538439,-0.1479846238,-0.03443720787,0.2230144815,-0.03665152118,-0.2629355162,0.3790543038,1.537089509,7.168860351,0.2459456962,0.1628527585,0.06876887028,0.02415959118,0.002700428627,0.003385343317,0.5211049697,0.133344269,0.1446655418
50.5,0.3377320452,0.4134689864,0.02645925836,-0.172946172,-0.0813150478,0.1774081405,-0.03162445359,-0.2358335674,0.3793483133,1.538127794,7.194035492,0.2456516867,0.1638470949,0.07267377244,0.02607922415,0.006327790386,0.008305164729,0.5311793435,0.06794807749,0.1433842181
50.6,0.3273677502,0.4287695039,0.02355681604,-0.1950662574,-0.1254563964,0.1280129918,-0.02640756284,-0.2061800004,0.3795792666,1.539997926,7.220783258,0.2454207335,0.1656827087,0.0745290464,0.02729372923,0.009528756243,0.01310853758,0.5346697799,0.00180778599,0.1429375208
50.7,0.312754302,0.4389631679,0.02117822075,-0.2141121954,-0.1661949654,0.07536817933,-0.02117614254,-0.1744276837,0.3797571017,1.542621327,7.248372657,0.2452428983,0.1682739937,0.0742814307,0.02775883061,0.01211461918,0.01751251186,0.5315445206,-0.06422423631,0.1433321649
50.8,0.2942612227,0.4437555333,0.01931649486,-0.2298974717,-0.2029631694,0.02009778765,-0.01609710457,-0.1410460184,0.3798941812,1.545876921,7.276050563,0.2451058188,0.1714927244,0.07210473946,0.0274742337,0.01395091334,0.02127698198,0.5218566528,-0.1293053515,0.14452712
50.9,0.2723094693,0.4429185375,0.0179485359,-0.2422830548,-0.2353011423,-0.03709592846,-0.0113254844,-0.106514126,0.3800046524,1.549611803,7.303084362,0.2449953476,0.1751789884,0.06839276097,0.02648054658,0.01496285454,0.02421684175,0.5057425737,-0.1926138159,0.1464378165
51,0.2473603382,0.4362978854,0.01703646173,-0.2511780317,-0.2628626938,-0.09544157001,-0.007001364579,-0.07131416152,0.3801037326,1.553653185,7.328800398,0.2448962674,0.1791533941,0.06372722945,0.02485405063,0.01513588865,0.02620942778,0.4834193659,-0.2533593747,0.148942628
51.1,0.2199039306,0.4238194219,0.01652924024,-0.256539586,-0.2854181277,-0.1541097582,-0.00324726974,-0.0359248429,0.3802069483,1.557820671,7.352616327,0.2447930518,0.1832295942,0.05882341549,0.02269984245,0.01451170584,0.0271971233,0.4551811478,-0.3107931487,0.1518911293
51.2,0.1904474928,0.4054942898,0.01636455422,-0.2583723427,-0.3028539297,-0.2122262575,-0.0001660722137,-0.000815279581,0.3803293609,1.56193796,7.374066041,0.2446706391,0.1872262268,0.05445849986,0.02014392447,0.01318042551,0.02718537018,0.4213944757,-0.3642166932,0.1551135519
51.3,0.1595039405,0.3814226863,0.01647084907,-0.2567271136,-0.3151694231,-0.2688868167,0.002160566493,0.03356082858,0.3804848134,1.565843209,7.392816403,0.2445151867,0.190977501,0.05139000941,0.01732482904,0.01126991423,0.02623666024,0.3824928859,-0.4129901278,0.1584308267
51.4,0.127580862,0.3517960618,0.01676950898,-0.2516990848,-0.3224705735,-0.3231734334,0.003673207513,0.06677056016,0.3806852304,1.569397464,7.408675603,0.2443147697,0.1943418245,0.05027294984,0.0143853278,0.008933350139,0.02446132439,0.3389706735,-0.4565392555,0.1616646047
51.5,0.09517027329,0.3168976353,0.01717710716,-0.2434254895,-0.3249611992,-0.374171699,0.004335102789,0.09840665884,0.3809400055,1.572490768,7.421593469,0.2440599946,0.197208076,0.05158469637,0.01146470906,0.006336188199,0.02200609702,0.2913760125,-0.4943616133,0.1646466927
51.6,0.06273936804,0.2771011372,0.01760767621,-0.2320828193,-0.3229319161,-0.4209888419,0.004132135898,0.1280918987,0.3812555067,1.575045763,7.431654506,0.2437444933,0.1994993352,0.05556612876,0.008692012215,0.00364361593,0.01904149878,0.2403035258,-0.5260314127,0.1672274158
51.7,0.03072247065,0.2328677293,0.01797494739,-0.2178836256,-0.3167472022,-0.4627720548,0.003072264053,0.1554829002,0.381634727,1.577018834,7.439064777,0.243365273,0.2011740894,0.06218596319,0.006180499111,0.001009435582,0.01574905709,0.1863864179,-0.5512033527,0.1692825164
51.8,-0.0004856408006,0.1847410969,0.01819451078,-0.2010729676,-0.3068310128,-0.4987266756,0.001184500703,0.1802733787,0.3820771018,1.57848578,7.444133938,0.2429228982,0.2022251158,0.07113288976,0.004023527569,-0.001432912457,0.01230928253,0.1302882825,-0.5696153041,0.1707183156
51.9,-0.0305349202,0.1333407475,0.01818585266,-0.1819245645,-0.2936514136,-0.5281337789,-0.001482512508,0.2021968181,0.3825785092,1.5797983,7.447253875,0.2424214909,0.2026763825,0.0818372141,0.002291882439,-0.003576730955,0.008891156608,0.07269469766,-0.5810898823,0.1714749852
52,-0.05912367313,0.07935359878,0.01787423197,-0.1607367086,-0.2777047131,-0.5503667415,-0.004862288142,0.2210285699,0.3831314583,1.580972544,7.448875396,0.2418685417,0.202578412,0.09352053658,0.001032520897,-0.005345670286,0.005643683771,0.01430471761,-0.5855349409,0.171527896
52.1,-0.08600058544,0.02352397847,0.01719236325,-0.1378279977,-0.2594995861,-0.5649063594,-0.008872567767,0.2365873867,0.3837254635,1.581991959,7.449484319,0.2412745365,0.2020026062,0.1052689273,0.0002686080664,-0.006694631869,0.002689838407,-0.04417763245,-0.5829430346,0.1708871224
52.2,-0.1109651835,-0.03335779769,0.0160818803,-0.1135329411,-0.2395416652,-0.5713541177,-0.01341762358,0.248736406,0.3843475888,1.582847833,7.449578164,0.2406524113,0.2010350385,0.11612241,6.593378598e-07,-0.007608266309,0.0001230169817,-0.1020517587,-0.573389907,0.1695952734
52.3,-0.1338667965,-0.09046806814,0.01449456113,-0.08819749374,-0.2183190555,-0.5694432567,-0.0183907196,0.257383604,0.3849831394,1.583734527,7.449644457,0.2400168607,0.1997701914,0.1251716543,0.0002085685215,-0.008097527866,-0.001994095809,-0.158628704,-0.5570320729,0.167723898
52.4,-0.1546021332,-0.1469634505,0.01239330153,-0.06217457134,-0.1962891905,-0.5590473202,-0.02367666564,0.2624817471,0.3856164649,1.584837446,7.450141402,0.2393835352,0.1983050537,0.1316518101,0.000854285419,-0.008194849674,-0.003628506259,-0.2132390692,-0.5341035688,0.1653687614
52.5,-0.1731116279,-0.2019951846,0.0097528314,-0.03581959324,-0.1738673976,-0.5401859317,-0.02915439922,0.2640278677,0.3862318305,1.586071414,7.451481458,0.2387681695,0.1967339055,0.1350235283,0.001884910278,-0.007948541914,-0.004774121756,-0.2652405708,-0.5049119513,0.1626443195
52.6,-0.1893747408,-0.2547239066,0.006560174007,-0.009486100834,-0.1514174805,-0.5130276056,-0.03469953486,0.2620622965,0.3868143082,1.58735671,7.454018133,0.2381856918,0.1951440247,0.1350323961,0.003235992278,-0.007416992785,-0.005447656926,-0.3140251651,-0.4698336261,0.1596777203
52.7,-0.203404428,-0.3043345503,0.002814854247,0.01647850663,-0.1292445592,-0.4778894707,-0.04018682542,0.2566672829,0.3873506338,1.588622339,7.458036091,0.2376493663,0.1936124469,0.1317401639,0.004834850494,-0.006663180056,-0.005683734591,-0.3590256746,-0.4293085896,0.1566026501
52.8,-0.2152410157,-0.3500510637,-0.001471132732,0.04173707898,-0.1075903331,-0.4352338577,-0.04549248685,0.2479652362,0.3878299782,1.589807769,7.463744544,0.2371700218,0.192203816,0.1255240282,0.006603774117,-0.005749893229,-0.005529671761,-0.3997218627,-0.3838346663,0.1535533093
52.9,-0.2249457258,-0.391150629,-0.006273576844,0.06596662856,-0.08663085258,-0.3856617772,-0.05049634584,0.2361166189,0.3882445849,1.590863727,7.471273732,0.2367554152,0.1909692805,0.1170435637,0.008462999789,-0.004735938674,-0.005040397056,-0.4356459103,-0.3339613212,0.1506587616
53,-0.2325941039,-0.4269770788,-0.0115565129,0.08886201691,-0.06647680406,-0.3299033899,-0.05508377778,0.2213175243,0.3885902302,1.591752187,7.480674236,0.2364097699,0.1899463239,0.1071783071,0.01033340376,-0.003673468157,-0.004273875111,-0.4663872559,-0.2802831231,0.1480378508
53.1,-0.2382696002,-0.456953215,-0.01727286276,0.1101393847,-0.04717623371,-0.2688056469,-0.05914741194,0.2037969669,0.388866478,1.592445724,7.491918841,0.2361335221,0.1891593673,0.09694212018,0.01213888207,-0.002606448433,-0.003287324739,-0.491596767,-0.2234329305,0.1457948279
53.2,-0.2420575369,-0.4805917618,-0.02336523567,0.1295392974,-0.0287195574,-0.2033173444,-0.06258858916,0.1838139143,0.3890767091,1.592926437,7.50490661,0.2359232909,0.1886209547,0.08738296372,0.01380842072,-0.001570186524,-0.002134419322,-0.5109902195,-0.1640748668,0.1440157832
53.3,-0.2440396832,-0.4975047064,-0.02976686183,0.1468295824,-0.01104663231,-0.1344719068,-0.06531856677,0.1616540877,0.3892279227,1.593184655,7.519468895,0.2357720773,0.188333318,0.07947831634,0.01527787828,-0.0005917482681,-0.0008635578119,-0.5243510665,-0.1028971458,0.1427659317
53.4,-0.2442896282,-0.5074108196,-0.03640263375,0.161807836,0.00594439804,-0.06336826251,-0.06725947309,0.1376265549,0.3893303213,1.593245515,7.535376985,0.2356696788,0.188290122,0.07403700627,0.01649151505,0.0003089407606,0.0004828009942,-0.5315324841,-0.04060480397,0.1420877659
53.5,-0.2428691127,-0.5101411868,-0.04319023108,0.1743035796,0.02238682909,0.00884976846,-0.06834502201,0.1120601406,0.389396705,1.593435005,7.552351189,0.2356032951,0.1884782071,0.07161761358,0.01740330552,0.001117544249,0.001867834752,-0.5324586891,0.02208760995,0.142000059
53.6,-0.2398254443,-0.5056426206,-0.05004130549,0.1841800491,0.038434078,0.08101512411,-0.06852100421,0.08529967808,0.3894417143,1.593839378,7.570071122,0.2355582858,0.1888791746,0.07247191673,0.01797806584,0.001823544598,0.00325925204,-0.5271255238,0.08446334081,0.1424976869
53.7,-0.2351900788,-0.4939788781,-0.0568627044,0.191335603,0.05424774281,0.1519597055,-0.06774557737,0.05770212275,0.3894809691,1.594447092,7.588187043,0.2355190309,0.1894706945,0.07651927028,0.01819241573,0.002418464386,0.004627611098,-0.5156003141,0.1458106851,0.1435522199
53.8,-0.2289784091,-0.4753296489,-0.06355771481,0.1957047353,0.06998547508,0.220536644,-0.06598938134,0.02963255399,0.3895301595,1.595242904,7.606332076,0.2354698406,0.1902274559,0.0833545878,0.01803557732,0.00289426147,0.005944330325,-0.4980210039,0.2054301605,0.1451132356
53.9,-0.221190757,-0.4499873355,-0.07002731105,0.197258684,0.08578910743,0.2856421326,-0.0632355073,0.001460086981,0.3896041454,1.596207836,7.624135131,0.2353958546,0.1911217257,0.09228910603,0.01750999347,0.003242044276,0.00717968081,-0.4745945806,0.2626415486,0.1471102995
54,-0.2118145219,-0.4183516916,-0.07617139343,0.1960056276,0.1017734681,0.3462363373,-0.05947935086,-0.02644627854,0.3897161215,1.597318836,7.641234349,0.2352838785,0.1921235258,0.1024196968,0.01663172744,0.003451217905,0.008301054199,-0.4455948028,0.3167907715,0.1494555606
54.1,-0.2008273969,-0.3809224348,-0.08189000761,0.1919904644,0.1180162919,0.4013629225,-0.05472837875,-0.05372184527,0.3898768963,1.598548234,7.657290811,0.2351231037,0.1932004818,0.1127195358,0.01543058721,0.003509137412,0.009271781474,-0.411359251,0.3672565645,0.1520469087
54.2,-0.1882015221,-0.3382899953,-0.08708453748,0.1852941726,0.1345495996,0.4501667618,-0.04900183735,-0.08001041091,0.3900943286,1.599863109,7.672002199,0.2349056714,0.1943174409,0.1221407429,0.0139499034,0.003401312448,0.01005073923,-0.3722857222,0.4134569042,0.1547716353
54.3,-0.1739084141,-0.2911245987,-0.09165886712,0.1760327523,0.1513528731,0.4919094501,-0.04233042795,-0.1049684332,0.3903729496,1.601224711,7.68511604,0.2346270504,0.1954359875,0.129718416,0.01224588199,0.003112176314,0.01059292019,-0.3288279968,0.4548551509,0.1575105299
54.4,-0.1579244759,-0.2401639229,-0.09552050947,0.1643557532,0.1683482922,0.5259822839,-0.03475597005,-0.1282691312,0.3907137883,1.602588103,7.696442049,0.2342862118,0.1965140109,0.1346653986,0.01038645461,0.002626400293,0.01085106524,-0.2814910063,0.4909658588,0.1601423305
54.5,-0.1402368713,-0.1861995949,-0.09858170138,0.1504443983,0.1853982343,0.5519164438,-0.02633106847,-0.1496064838,0.3911144024,1.603902169,7.705863041,0.2338855977,0.1975054965,0.1364481698,0.00844956005,0.00193069874,0.01077835883,-0.2308254389,0.5213602088,0.1625484253
54.6,-0.1208495317,-0.1300628168,-0.1007604661,0.134509313,0.2023051656,0.5693901777,-0.01711879499,-0.1686990825,0.3915691057,1.605110146,7.713343832,0.2334308944,0.1983607039,0.1348362907,0.006520813959,0.001016030434,0.01033208267,-0.1774218231,0.5456710102,0.1646176773
54.7,-0.09978904999,-0.07260943046,-0.101981645,0.11678788,0.2188139733,0.578232858,-0.007192388384,-0.1852937933,0.3920693688,1.606151969,7.718937485,0.2329306312,0.1990268811,0.1299206664,0.004690556659,-0.0001199426043,0.009478011714,-0.1219041346,0.5635972193,0.1662512218
54.8,-0.07711022156,-0.0147047345,-0.1021778994,0.09754123726,0.2346167106,0.5784258621,0.003365028971,-0.1991691806,0.3926043622,1.607117031,7.722788314,0.2323956379,0.1994496251,0.1220991774,0.003050313207,-0.001470324032,0.008195230156,-0.06492297805,0.5749079166,0.1673670528
54.9,-0.05290099366,0.04279162892,-0.1012906861,0.07705094989,0.2493596458,0.5701003011,0.0144607263,-0.2101386427,0.3931616034,1.608077217,7.725131085,0.2318383966,0.1995749437,0.112031646,0.001688750763,-0.003016609143,0.006480954122,-0.00714840036,0.5794456854,0.167904201
55,-0.02728660209,0.0990404059,-0.09927120342,0.05561538314,0.2626524313,0.5535316967,0.0259926456,-0.218053209,0.3937276672,1.609008266,7.726285976,0.2312723329,0.199352005,0.10056926,0.0006872739156,-0.004726732639,0.004354881597,0.05073760125,0.5771293316,0.1678262848
55.1,-0.0004326953889,0.1532367848,-0.09608130926,0.03354581573,0.2740791389,0.5291317779,0.03784970808,-0.2228039487,0.3942889143,1.609885216,7.726649034,0.2307110857,0.1987364798,0.08866615782,0.0001154539218,-0.006553822432,0.001862560214,0.1080488078,0.567955886,0.1671242167
55.2,0.02745272472,0.2046234958,-0.09169440601,0.01116233338,0.2832108396,0.4974376367,0.04991216949,-0.2243239416,0.3948322015,1.610713245,7.72667808,0.2301677986,0.1976942975,0.0772826027,2.653768503e-05,-0.008435939734,-0.0009227230823,0.1641026693,0.5520018313,0.1658178539
55.3,0.05611868287,0.2525027056,-0.08609628611,-0.01121045075,0.2896193579,0.4590985385,0.06205205126,-0.2225897638,0.3953455339,1.611890445,7.726874276,0.2296544662,0.1962055554,0.06728987705,0.0004533212233,-0.010297052,-0.003899964088,0.2182282766,0.5294235017,0.1639564124
55.4,0.08527202633,0.2962464908,-0.07928592981,-0.03324779813,0.2928917806,0.414860738,0.07413367626,-0.2176224459,0.3958186329,1.613551239,7.72775988,0.2291813671,0.1942682543,0.05938665124,0.001404694879,-0.0120494182,-0.006942696484,0.2697743306,0.5004566053,0.1616175016
55.5,0.1145796916,0.335305709,-0.07127624271,-0.0546293148,0.2926452753,0.3655506898,0.08601433853,-0.2094878647,0.3962433953,1.61567935,7.729853008,0.2287566047,0.191901484,0.05403517424,0.002863168784,-0.01359746527,-0.009903643252,0.3181170175,0.4654148303,0.1589047006
55.6,0.1436724486,0.3692171282,-0.0620947185,-0.07504343075,0.28854175,0.3120570747,0.09754513559,-0.1982965369,0.3966142295,1.618233286,7.733640531,0.2283857705,0.1891476708,0.05142337297,0.004783663588,-0.01484310462,-0.01262173252,0.3626676977,0.4246875017,0.1559436665
55.7,0.1721500837,0.3976087176,-0.05178400929,-0.09419182775,0.280301886,0.2553120835,0.1085719891,-0.1842027904,0.3969282608,1.621145463,7.7395505,0.2280717392,0.1860735137,0.0514560858,0.007093801381,-0.01569228715,-0.01493122802,0.402880312,0.3787362699,0.152876854
55.8,0.1995879352,0.4202030491,-0.04040238342,-0.1117937525,0.2677180846,0.1962724061,0.1189368765,-0.1674032981,0.3971854054,1.624323039,7.747925682,0.2278145946,0.1827692997,0.05377551345,0.009695855547,-0.01606243711,-0.01667250181,0.438258408,0.3280908224,0.1498570099
55.9,0.225544651,0.4368188011,-0.02802404889,-0.127590151,0.2506658921,0.1359003715,0.1284792895,-0.1481349672,0.3973883163,1.627650643,7.758999898,0.2276116838,0.1793463841,0.0578078912,0.01247041884,-0.01589025609,-0.01770377004,0.4683616886,0.2733436263,0.1470397047
56,0.2495709959,0.4473704012,-0.01473931917,-0.1413475598,0.2291135062,0.07514566705,0.1370379302,-0.1266721915,0.3975422104,1.630995065,7.772878877,0.2274577897,0.1759327558,0.06283070025,0.01528173172,-0.01513926575,-0.01791294419,0.492811988,0.2151437247,0.1445752389
56.1,0.2712194989,0.4518658883,-0.0006545972683,-0.1528616912,0.2031290165,0.01492804251,0.144452648,-0.1033234807,0.3976545889,1.634211807,7.789527193,0.2273454112,0.1726667679,0.06805272462,0.01798448558,-0.01380637944,-0.01722863901,0.5112985807,0.1541896251,0.1426003395
56.2,0.2900546993,0.4504031083,0.01410784554,-0.1619606516,0.172885092,-0.04387863613,0.1505666084,-0.07842749624,0.3977348651,1.637153236,7.808762619,0.2272651349,0.1696892841,0.07269812613,0.02043178774,-0.0119267743,-0.01562934311,0.5235827369,0.09122133978,0.1412301076
56.3,0.3056637241,0.4431643971,0.02941031897,-0.1685077349,0.1386609004,-0.1004606588,0.1552286812,-0.052348535,0.3977939155,1.639677885,7.830258846,0.2272060846,0.1671346662,0.07608555517,0.02248385725,-0.009576386475,-0.01314980829,0.5295014425,0.02701164994,0.1405507034
56.4,0.3176669131,0.4304099315,0.04510041179,-0.1724037396,0.1008411184,-0.1540768003,0.1582960213,-0.02547151162,0.3978435715,1.641660338,7.853557059,0.2271564285,0.1651211794,0.07769413346,0.02401692447,-0.006871477709,-0.009883854544,0.5289702096,-0.03764331165,0.1406132508
56.5,0.3257281969,0.4124699529,0.06101195601,-0.1735887607,0.05991197775,-0.2040684949,0.1596368071,0.001803495325,0.397896071,1.643000976,7.878086254,0.227103929,0.1637415109,0.07720982217,0.02493174242,-0.003964918384,-0.005983013291,0.5219849176,-0.1019340508,0.1414294025
56.6,0.3295649318,0.3897360889,0.07696627123,-0.1720434184,0.01645437487,-0.2498677063,0.1591330935,0.0290670589,0.3979634884,1.643634832,7.90319163,0.2270365116,0.1630541675,0.07454801908,0.0251610937,-0.001039088263,-0.001650730366,0.5086226295,-0.1650481495,0.1429689354
56.7,0.3289569037,0.3626520057,0.09277369765,-0.1677894898,-0.02886584265,-0.2910024103,0.1566837255,0.0559064963,0.3980571651,1.643829555,7.928169726,0.226942835,0.1630765246,0.06985093998,0.02467569795,0.001704406816,0.002867800647,0.4890413497,-0.2261810107,0.1451596457
56.8,0.3237542268,0.3317036329,0.1082354211,-0.1608899225,-0.07531021591,-0.3270996697,0.1522072528,0.08191214492,0.3981871618,1.644632044,7.952308443,0.2268128382,0.1637802382,0.06346112211,0.02348799514,0.004057691948,0.007299731105,0.4634786974,-0.2845467589,0.1478896805
56.9,0.3138838886,0.2974092005,0.1231455867,-0.1514482141,-0.1220823662,-0.3578863494,0.1456447772,0.1066837216,0.3983617569,1.646069022,7.97492962,0.2266382432,0.1650896018,0.05587493387,0.02165339658,0.005821445804,0.01136176883,0.4322494886,-0.3393891335,0.1510123022
57,0.2993547221,0.2603093169,0.137293691,-0.1396071572,-0.1683446918,-0.3831875754,0.1369626617,0.1298366595,0.3985870132,1.648021641,7.995431472,0.2264129869,0.1668832391,0.04768200833,0.01926875315,0.006820528582,0.01477938045,0.3957422372,-0.3899922062,0.1543529196
57.1,0.2802606248,0.220957308,0.150467235,-0.125546956,-0.2132366623,-0.4029231031,0.1261550251,0.1510083133,0.3988664374,1.650329198,8.01332808,0.2261335626,0.1689992788,0.03949782922,0.01646797926,0.006919177309,0.01730661081,0.3544145991,-0.4356907484,0.1577180682
57.2,0.2567818874,0.179910015,0.1624546125,-0.1094827333,-0.2558942504,-0.4171018067,0.1132459461,0.1698639235,0.3992007532,1.652797582,8.028283124,0.2257992468,0.1712438818,0.031897161,0.01341497724,0.006034451826,0.01874500211,0.3087878055,-0.4758800757,0.1609058776
57.3,0.2291845435,0.1377192273,0.1730482017,-0.09166145781,-0.295470002,-0.4258145455,0.09829130115,0.1861022292,0.3995878055,1.655210712,8.040135342,0.2254121946,0.1734027065,0.02535560411,0.01029421566,0.004146651255,0.01896007373,0.2594401444,-0.5100251947,0.1637174439
57.4,0.197817701,0.09492389673,0.1820476183,-0.07235833256,-0.3311532228,-0.4292256974,0.08138016209,0.1994606254,0.4000226098,1.657344271,8.048913606,0.2249773902,0.1752546266,0.02020534524,0.007299508912,0.001305578427,0.01789393285,0.2069995689,-0.5376690907,0.1659684363
57.5,0.1631088728,0.05204325357,0.1892630846,-0.05187269388,-0.3621897451,-0.4275636728,0.06263568807,0.2097197638,0.4004975532,1.659125008,8.054840169,0.2245024468,0.1765867839,0.0166093222,0.004621707402,-0.002368196829,0.01557282377,0.1521355276,-0.5584399973,0.1675002247
57.6,0.1255573727,0.009570907279,0.1945188591,-0.03052348252,-0.3879007459,-0.4211107393,0.04221544987,0.216707505,0.4010027438,1.660966272,8.058321401,0.2239972562,0.1772098938,0.01455576381,0.002436123336,-0.006687553011,0.01210877603,0.09555012308,-0.5720575072,0.1681898088
57.7,0.08572589884,-0.032030014,0.1976566685,-0.008644355277,-0.4077001045,-0.4101924883,0.02031113688,0.2203021399,0.4015265,1.662865971,8.059926185,0.2234735,0.1769726341,0.01387266699,0.0008905744862,-0.01140854662,0.007694952492,0.03796872429,-0.5783373987,0.1679578854
57.8,0.04423047481,-0.07233066671,0.1985390775,0.01342148607,-0.4211098223,-0.3951672745,-0.002852392819,0.220434811,0.4020559571,1.664767916,8.060353031,0.2229440429,0.1757739586,0.0142595155,9.491937875e-05,-0.01624521706,0.002594793555,-0.01986983625,-0.5771950705,0.1667744799
57.9,0.001728963083,-0.1109392507,0.19705273,0.03532666538,-0.4277730745,-0.376415937,-0.02701874536,0.2170910758,0.4025777637,1.666764822,8.060387805,0.2224222363,0.1735722843,0.01533168196,0.0001128805599,-0.02088856207,-0.002874438481,-0.07722333494,-0.5686475033,0.1646617133
58,-0.04109159191,-0.1475027664,0.1931113919,0.05672511458,-0.4274645203,-0.3543320945,-0.05190231892,0.2103115725,0.4030788289,1.669629314,8.060854711,0.2219211712,0.1703907024,0.01667168977,0.0009568108069,-0.02502836653,-0.008362634304,-0.1333563497,-0.5528136878,0.1616934447
58.1,-0.08352850214,-0.1817078413,0.1866587267,0.07727757656,-0.4200975736,-0.3293132666,-0.07719132268,0.2001917613,0.4035470777,1.673405224,8.062563708,0.2214529223,0.1663176476,0.01788097303,0.002585859495,-0.02837624982,-0.0135108487,-0.187550417,-0.529913487,0.1579917313
58.2,-0.1248775395,-0.2132807184,0.1776707357,0.09665703567,-0.4057284072,-0.3017530409,-0.1025514669,0.186880736,0.4039721678,1.677949332,8.066257896,0.2210278322,0.1615028002,0.01862599883,0.004907756801,-0.03068810746,-0.01797657407,-0.2391139973,-0.5002649295,0.1537202517
58.3,-0.1644472708,-0.2419865219,0.166157796,0.1145539832,-0.3845565565,-0.2720344549,-0.1276302876,0.1705791135,0.4043461201,1.683064673,8.07256448,0.2206538799,0.1561483699,0.01867355879,0.007784169973,-0.03178408651,-0.0214583523,-0.2873920909,-0.4642799566,0.149075046
58.4,-0.2015732801,-0.2676279264,0.1521662379,0.1306814266,-0.3569220728,-0.2405247176,-0.1520620539,0.1515360307,0.4046638207,1.688513027,8.081952774,0.2203361794,0.1504962865,0.01791156059,0.01103931901,-0.03156436049,-0.02371780772,-0.3317753549,-0.4224586768,0.1442731099
58.5,-0.2356319357,-0.2900433688,0.135779404,0.1447795562,-0.3232992706,-0.2075713389,-0.1754731875,0.1300452926,0.4049233561,1.694030721,8.094702204,0.2200766439,0.1448121636,0.01635355822,0.01447129032,-0.03001925381,-0.02459735157,-0.3717085725,-0.3753822078,0.1395395324
58.6,-0.266053367,-0.3091049444,0.1171181453,0.1566199859,-0.2842872025,-0.173499688,-0.197488113,0.1064407351,0.405126157,1.699346597,8.110882678,0.219873843,0.1393671833,0.01412731168,0.01786527632,-0.02723268932,-0.02403212501,-0.4066983422,-0.3237042146,0.13509398
58.7,-0.2923333333,-0.3247161289,0.09634071314,0.1660094946,-0.2405970832,-0.1386119447,-0.2177354404,0.08109087853,0.4052769339,1.704200842,8.130348766,0.2197230661,0.1344192431,0.01144961394,0.02100781479,-0.02337846047,-0.0220551895,-0.4363198591,-0.2681412751,0.1311373814
58.8,-0.3140436955,-0.3368094627,0.07364202271,0.1727932015,-0.1930369658,-0.1031873626,-0.2358543721,0.05439296413,0.4053834064,1.708363241,8.152748206,0.2196165936,0.1301947915,0.008591231362,0.02370101643,-0.01870941868,-0.01879550349,-0.4602226817,-0.2094622314,0.1278396716
58.9,-0.3308412334,-0.3453443205,0.0492522679,0.176857118,-0.1424940464,-0.06748371504,-0.2515012156,0.02676647882,0.4054558397,1.711649464,8.177544199,0.2195441603,0.1268727491,0.005836889351,0.02577576159,-0.01354026525,-0.01446879849,-0.4781353905,-0.148476699,0.1253293909
59,-0.3424745923,-0.3503048796,0.02343488566,0.1781300311,-0.08991503784,-0.03173975661,-0.2643558763,-0.001353718407,0.4055064166,1.713934116,8.20404999,0.2194935835,0.124571766,0.003445676745,0.02710291739,-0.008225191139,-0.009362036882,-0.4898690624,-0.08602293012,0.1236858214
59.1,-0.3487891917,-0.3516983751,-0.003516122776,0.1765846856,-0.03628510383,0.003821502617,-0.2741282015,-0.02952454477,0.4055484852,1.71515954,8.231473334,0.2194515149,0.1233418153,0.001617003228,0.0276017711,-0.003132067289,-0.003812649137,-0.4953195086,-0.02295523256,0.1229341792
59.2,-0.3497299767,-0.3495537151,-0.03127949214,0.172238242,0.01739411579,0.03898893639,-0.2805640427,-0.05730198842,0.4055957329,1.715444546,8.258967737,0.2194042671,0.1231607868,0.0004663673448,0.02724508214,0.001384791151,0.001815835127,-0.4944682405,0.03986883854,0.1230441826
59.3,-0.3453419498,-0.3439205005,-0.05951058,0.1651520035,0.07012683459,0.0735591009,-0.2834509062,-0.08424841786,0.4056613413,1.716225541,8.285686916,0.2193386587,0.1239363518,1.380097005e-05,0.02606040763,0.005011112298,0.007159865004,-0.4873821526,0.1016012993,0.1239320934
59.4,-0.3357684753,-0.3348684714,-0.08784579293,0.155430417,0.1209452401,0.1073319462,-0.2826230672,-0.1099397743,0.4057571789,1.717819813,8.310838668,0.2192428211,0.1255129539,0.0001861317776,0.02412763518,0.007496267084,0.01188163359,-0.4742119327,0.1614163464,0.125466097
59.5,-0.3212474057,-0.3224873762,-0.1159074922,0.1432193659,0.1689308478,0.1401066937,-0.2779660268,-0.133972517,0.4058930862,1.720026931,8.333734463,0.2191069139,0.1276833752,0.0008323693908,0.0215729382,0.008672061419,0.01569255311,-0.4551892296,0.2185225412,0.1274746679
59.6,-0.3021051335,-0.3068872348,-0.1433093079,0.128703786,0.213234553,0.1716781238,-0.2694202051,-0.1559701978,0.4060763003,1.722608749,8.353831389,0.2189236997,0.1302039671,0.001749805298,0.01855963251,0.008465189219,0.01837266947,-0.4306226332,0.272174364,0.1297573683
59.7,-0.2787487233,-0.2881989422,-0.1696617799,0.1121046472,0.2530948787,0.2018335003,-0.2569837739,-0.1755895464,0.4063110561,1.72530682,8.370763691,0.2186889439,0.1328123529,0.002717035552,0.01527663572,0.006902336676,0.01978459728,-0.4008925388,0.3216829418,0.1320973714
59.8,-0.2516563292,-0.2665751405,-0.1945782355,0.09367535623,0.2878539698,0.23035033,-0.240714548,-0.192525961,0.4065983871,1.727861021,8.384361926,0.218401613,0.1352462264,0.003529239516,0.0119253973,0.004107538968,0.01988101931,-0.3664449865,0.3664257744,0.1342748881
59.9,-0.2213661419,-0.2421912648,-0.2176808073,0.0736976435,0.3169709417,0.2569951263,-0.2207308739,-0.2065183071,0.4069361359,1.730027931,8.394658681,0.2180638641,0.1372617995,0.004030784187,0.008706263745,0.0002920359942,0.01870532919,-0.3277845858,0.4058552989,0.1360806291
60,-0.1884641458,-0.215246658,-0.2386064868,0.05247700819,0.3400322669,0.2815233031,-0.1972114701,-0.2173529453,0.4073191684,1.731986988,8.401880791,0.2176808316,0.1386505065,0.004140601805,0.005805263966,-0.004262503469,0.01638555335,-0.285466647,0.4395061584,0.1373284349
60.1,-0.1535709972,-0.1859656355,-0.257013109,0.03033780219,0.3567589577,0.3036802829,-0.170394197,-0.2248669211,0.4077397706,1.734141715,8.406428938,0.2172602295,0.1392527335,0.003866758314,0.00338224465,-0.009225975001,0.01312222232,-0.2400886554,0.4670010656,0.1378662789
60.2,-0.1173283506,-0.154598377,-0.2725851609,0.007618038833,0.3670103972,0.3232038552,-0.1405737534,-0.2289502674,0.4081881968,1.736435524,8.408846406,0.2168118032,0.1389676038,0.003308067988,0.001561160023,-0.0142452159,0.009171324802,-0.1922812331,0.4880551783,0.1375849649
60.3,-0.080384972,-0.1214215203,-0.2850393054,-0.01533598275,0.3707847506,0.3398277723,-0.1080983205,-0.2295473889,0.4086533271,1.738801964,8.409779468,0.216346673,0.137758187,0.0026423328,0.0004231371003,-0.01897067649,0.004823834651,-0.1426987392,0.5024789337,0.1364240045
60.4,-0.04338298199,-0.08673833542,-0.2941295197,-0.03817514524,0.3682159902,0.3532865194,-0.07336519318,-0.2266575146,0.4091233856,1.74117082,8.409932406,0.2158766145,0.1356518758,0.002102575771,2.712156359e-06,-0.02308222117,0.000383521753,-0.09200966591,0.5101793172,0.1343743571
60.5,-0.006944560657,-0.05087836835,-0.2996517487,-0.06055297941,0.3595676488,0.3633211493,-0.03681546301,-0.2203342217,0.4095866707,1.743828717,8.410020421,0.2154133294,0.1327360652,0.001944268225,0.0002873862561,-0.02631200884,-0.003855170617,-0.04088698521,0.5111595711,0.1314779264
60.6,0.02834056724,-0.0141964537,-0.3014479815,-0.08213103727,0.3452235068,0.3696860256,0.001072166579,-0.2106840535,0.4100322489,1.747156065,8.410723723,0.2149677512,0.1291496364,0.002407812974,0.00122039754,-0.02846268983,-0.007627478942,0.0100013986,0.5055173783,0.1278239239
60.7,0.06192657416,0.02292898409,-0.2994096719,-0.1025840832,0.3256754979,0.3721562779,0.03978833077,-0.1978642701,0.4104505691,1.750983981,8.41264588,0.214549431,0.1250710568,0.003681274945,0.002706375639,-0.02941959046,-0.01071541805,0.06000194066,0.4934415808,0.1235424133
60.8,0.09332163752,0.0600984012,-0.2934804285,-0.1216050191,0.3015091867,0.370535739,0.07880060272,-0.1820797862,0.4108339624,1.755114119,8.416279039,0.2141660377,0.1207041481,0.005868448359,0.004619346774,-0.02915609408,-0.01296047229,0.1084843498,0.4752075242,0.1187955226
60.9,0.1220964911,0.096894412,-0.2836579196,-0.1389094653,0.2733872369,0.3646651038,0.1175616105,-0.1635793638,0.4111770035,1.759337297,8.421978053,0.2138229965,0.1162627076,0.008966793781,0.006812410932,-0.0277320193,-0.01427113945,0.1548499526,0.4511711368,0.1137669513
61,0.1478912421,0.1328858821,-0.2699949452,-0.154239927,0.2420313346,0.3544300333,0.1555175284,-0.1426511428,0.411476719,1.763448627,8.429944806,0.213523281,0.1119552106,0.0128586283,0.009128324335,-0.0252853879,-0.01462504202,0.1985394085,0.4217618779,0.1086504892
61.1,0.1704203234,0.167632817,-0.252599648,-0.1673694844,0.208203069,0.3397689129,0.1921167925,-0.1196176005,0.4117326401,1.767261485,8.440223237,0.21326736,0.1079707481,0.01731734147,0.01141019543,-0.02201851408,-0.01406577494,0.239039668,0.3874747043,0.1036383047
61.2,0.1894755049,0.2006919972,-0.2316348478,-0.1781049544,0.1726842943,0.3206799739,0.2268188819,-0.09483004131,0.411946708,1.770619295,8.452704806,0.213053292,0.1044672018,0.02202853088,0.01351153941,-0.01817978602,-0.01269507444,0.2758900865,0.3488612196,0.09890974519
61.3,0.2049269357,0.2316232813,-0.2073165017,-0.186289482,0.1362575027,0.2972274945,0.2591030094,-0.06866272252,0.4121230491,1.773404372,8.467143405,0.2128769509,0.1015624199,0.02662403312,0.01530502855,-0.01404281532,-0.01066123442,0.3086876188,0.3065201811,0.0946213337
61.4,0.216722247,0.2599964729,-0.1799113054,-0.1918045313,0.09968673397,0.2695468144,0.288476563,-0.04150672807,0.4122676418,1.775543322,8.483178149,0.2127323583,0.09932887762,0.03072510554,0.01668941286,-0.009884775855,-0.008144940053,0.3370910396,0.2610875459,0.09089853778
61.5,0.2248837935,0.2853986183,-0.1497334701,-0.1945712552,0.06369951923,0.2378479198,0.3144831448,-0.01376370198,0.4123879034,1.777008825,8.500362011,0.2126120966,0.09779199444,0.03398970945,0.01759425379,-0.005965734898,-0.005343816988,0.3608241537,0.213226239,0.08782974946
61.6,0.2295041605,0.3074415836,-0.1171407214,-0.1945512364,0.02897032765,0.2024173948,0.3367100642,0.01416044708,0.4124922278,1.777817909,8.518194019,0.2125077722,0.09693198109,0.03615812704,0.01798229797,-0.002510603952,-0.002457004758,0.3796779768,0.1636158277,0.08546275256
61.7,0.2307401082,0.3257697371,-0.08252958142,-0.1917466025,-0.003894069642,0.1636185714,0.3547951483,0.04186176153,0.4125895008,1.778035019,8.536152646,0.2124104993,0.09668881207,0.0370911153,0.01784950207,0.000304973497,0.0003290385348,0.3935118854,0.1129422783,0.08380378109
61.8,0.2288051637,0.3400675523,-0.04633000976,-0.1861995264,-0.03436696018,0.1218897623,0.3684327509,0.06894426785,0.4126886214,1.778336947,8.553728115,0.2123113787,0.09696970023,0.03679548243,0.01722288928,0.002363889887,0.002852489931,0.4022537551,0.06188796687,0.08281910197
61.9,0.2239611029,0.3500669351,-0.008999487793,-0.1779911383,-0.06201148764,0.07774051044,0.3773788526,0.09502573076,0.4127980525,1.779038114,8.57045161,0.2122019475,0.09765829549,0.03543330187,0.01615656043,0.003611558198,0.004985131288,0.4058991183,0.01112209869,0.08243889766
62,0.2165085901,0.3555540762,0.02898335791,-0.1672398788,-0.0864876746,0.03174584802,0.3814551658,0.1197430413,0.4129254188,1.780013362,8.585919751,0.2120745812,0.0986247526,0.03331281307,0.01472628874,0.004054655316,0.006637902542,0.4045093906,-0.03870831679,0.08256309045
62.1,0.2067772593,0.3563756317,0.06712548985,-0.1540993348,-0.1075565405,-0.01546138775,0.3805521751,0.142757162,0.4130771664,1.781134184,8.599813151,0.2119228336,0.09973581409,0.03086119018,0.01302319162,0.003755115298,0.007762927599,0.3982092281,-0.08698681124,0.08306864733
62.2,0.1951155319,0.3524440423,0.1049264428,-0.1387556064,-0.1250812689,-0.06320007332,0.3746310672,0.1637575632,0.4132582935,1.782277858,8.611908412,0.2117417065,0.1008641275,0.02858154253,0.0111469937,0.002820241427,0.008352205124,0.387183088,-0.1331350138,0.08381783777
62.3,0.1818804636,0.3437418154,0.1418854428,-0.1214242574,-0.1390254636,-0.1107519894,0.3637245213,0.1824660975,0.4134721582,1.783335175,8.622083379,0.2115278418,0.1018961496,0.02699848655,0.009199375378,0.001390081575,0.008433415889,0.3716710778,-0.1766193308,0.08466688904
62.4,0.1674279063,0.3303246138,0.1775085489,-0.1023469083,-0.1494486144,-0.1573744667,0.3479363579,0.1986402715,0.4137203644,1.784223879,8.630315965,0.2112796357,0.1027381676,0.02659815644,0.007277845056,-0.0003766345172,0.008063494446,0.3519641823,-0.2169566813,0.08547449357
62.5,0.1521032555,0.3123230173,0.2113157019,-0.08178753326,-0.1564989725,-0.2023142218,0.3274400595,0.2120758874,0.4140027263,1.785129719,8.636677279,0.2109972738,0.1033201689,0.02776940911,0.005470490108,-0.002316671754,0.007320733627,0.3283989668,-0.2537192429,0.08610966781
62.6,0.1362330282,0.2899428542,0.2428475715,-0.06002852596,-0.1604041072,-0.2448220771,0.3024762024,0.2226090387,0.4143173095,1.786142564,8.641320038,0.2106826905,0.1035974961,0.03075310427,0.003851859764,-0.004275352656,0.006296231874,0.3013518565,-0.2865381828,0.08645853581
62.7,0.1201174874,0.2634640308,0.2716720937,-0.03736659704,-0.1614594763,-0.2841682249,0.2733488535,0.2301174588,0.4146605447,1.787233915,8.644463498,0.2103394553,0.103550417,0.03560566849,0.002480123685,-0.00611748184,0.005085459559,0.2712330926,-0.3151063694,0.08642970729
62.8,0.1040244931,0.2332378218,0.2973905994,-0.01410856973,-0.160015399,-0.3196576677,0.2404210081,0.2345212301,0.4150274089,1.788372517,8.646376207,0.2099725911,0.1031818983,0.04218173827,0.001395542054,-0.007735388662,0.003780621837,0.2384804699,-0.3391800782,0.08595802999
62.9,0.08818471843,0.1996826244,0.3196434425,0.009432864768,-0.1564628558,-0.3506454567,0.2041091569,0.2357828755,0.4154116697,1.789526726,8.647357851,0.2095883303,0.1025139915,0.0501386655,0.0006201854455,-0.009053673242,0.002464347985,0.2035529502,-0.3585797265,0.08500661191
63,0.07278832504,0.1632782146,0.3381150451,0.03294337114,-0.1512185718,-0.3765513387,0.164877087,0.2339068595,0.415806184,1.790666625,8.647721397,0.2091938161,0.1015833094,0.05896327596,0.0001587620351,-0.01003058192,0.001205059404,0.166924251,-0.3731896826,0.08356712238
63.1,0.05798314704,0.124558584,0.3525382902,0.05611111609,-0.1447098505,-0.3968734327,0.1232290305,0.2289385395,0.4162032421,1.79176575,8.647776527,0.2087967579,0.1004360898,0.06801876097,3.50449989e-07,-0.01065625768,5.418026387e-05,0.1290764958,-0.3829572121,0.08165848404
63.2,0.0438743841,0.08410347294,0.3626982002,0.07863078385,-0.1373596288,-0.4112005685,0.07970228659,0.2209626099,0.4165949468,1.792895116,8.647815167,0.2084050533,0.09912331731,0.07660723986,0.0001208007324,-0.01094838026,-0.0009548252339,0.09049401055,-0.3878906354,0.07932415551
63.3,0.03052575911,0.04252875134,0.3684348583,0.1002074129,-0.129572206,-0.4192229501,0.03485944388,0.2101010913,0.4169736106,1.794131452,8.648099644,0.2080263894,0.0976963063,0.08404162541,0.000485553288,-0.01094590685,-0.00180576112,0.05165733973,-0.3880567764,0.07662827122
63.4,0.01796205124,0.0004758291552,0.3696455368,0.1205600112,-0.121720076,-0.4207408381,-0.01071966205,0.1965109171,0.4173321583,1.795432071,8.648853766,0.2076678417,0.0962030529,0.08971918412,0.001052634138,-0.01070173515,-0.002497646296,0.01303755026,-0.3835777909,0.07365094969
63.5,0.006172874183,-0.04139969097,0.3662860131,0.1394249118,-0.1141322514,-0.4156709942,-0.05644612347,0.1803811762,0.4176645118,1.79676031,8.650256896,0.2073354883,0.09468555211,0.09318876237,0.001775610552,-0.01027513083,-0.003041671011,-0.02490912103,-0.3746274677,0.07048310193
63.6,-0.004882466855,-0.08243988487,0.3583710684,0.1565588387,-0.107084416,-0.4040506807,-0.1017301363,0.1619300677,0.417965939,1.798087035,8.652440893,0.2070340611,0.09317816014,0.09420411543,0.002606329515,-0.009724698172,-0.003457569586,-0.06174622706,-0.361427093,0.06722107005
63.7,-0.0152692367,-0.1219966493,0.3459741725,0.171741656,-0.1007911843,-0.3860390658,-0.1459890501,0.1414016262,0.4182333452,1.799390928,8.655489612,0.2067666548,0.09170697383,0.09275709452,0.003497307397,-0.009102537755,-0.003769809868,-0.09706163882,-0.3442409711,0.06396140396
63.8,-0.02507087204,-0.1594438514,0.3292263763,0.1847787793,-0.09540067663,-0.361915953,-0.1886551735,0.1190622713,0.4184654861,1.800657907,8.659440596,0.206534514,0.0902901073,0.08908649014,0.004403687616,-0.008450049306,-0.004003959746,-0.1304716122,-0.32337169,0.06079604573
63.9,-0.03438216265,-0.1941892164,0.3083144397,0.1955032374,-0.09099154654,-0.3320778143,-0.229183222,0.09519723669,0.4186630855,1.801879866,8.664288484,0.2063369146,0.08893867835,0.08366088292,0.005284729714,-0.00779562346,-0.004183525615,-0.1616243721,-0.2991552139,0.05780813985
64,-0.04330226049,-0.2256856853,0.2834782371,0.2037773713,-0.08757251716,-0.2970311789,-0.2670573112,0.07010692539,0.4188288446,1.803053006,8.669989678,0.2061711555,0.0876582761,0.07713664461,0.006104834444,-0.007154247684,-0.004327477058,-0.1902032005,-0.2719558815,0.05506862949
64.1,-0.0519277676,-0.2534419842,0.2550074904,0.2094941679,-0.08508440803,-0.2573834952,-0.3017974039,0.04410323754,0.418967335,1.804176001,8.67646782,0.206032665,0.08645066805,0.07029495493,0.006834142834,-0.006528851183,-0.004448586125,-0.2159290223,-0.2421613767,0.05263373751
64.2,-0.06034614737,-0.277032161,0.2232378871,0.2125782261,-0.0834045541,-0.2138316477,-0.3329651385,0.01750591021,0.4190847764,1.805248258,8.683619671,0.2059152237,0.08531551586,0.06396405524,0.007448771365,-0.005913049986,-0.004552627135,-0.2385624897,-0.2101777339,0.05054337065
64.3,-0.06862969042,-0.2961038655,0.1885466497,0.2129863599,-0.0823534458,-0.1671483742,-0.3601689752,-0.009361095645,0.4191887052,1.806268456,8.691321086,0.2058112949,0.08425190144,0.05893468022,0.007930759978,-0.005294839446,-0.004638410427,-0.2579055707,-0.1764244288,0.04882043125
64.4,-0.07683024595,-0.3103851799,0.1513476264,0.2107078424,-0.08170335092,-0.1181668807,-0.3830686148,-0.03617313146,0.4192875524,1.807233526,8.699432821,0.2057124477,0.08325951077,0.05587749616,0.008267815226,-0.004660724194,-0.004698565067,-0.2738026534,-0.1413295961,0.04747097387
64.5,-0.08497490201,-0.3196898335,0.1120859777,0.2057643027,-0.08118861812,-0.06776400184,-0.4013786543,-0.06260829546,0.4193901518,1.808138157,8.707806016,0.2056098483,0.08233937725,0.05527131938,0.008452928517,-0.003999775127,-0.004720942853,-0.2861411786,-0.1053254076,0.04648510778
64.6,-0.09306276574,-0.3239206779,0.07123253656,0.1982092841,-0.080517311,-0.01684229286,-0.4148714618,-0.0883507452,0.4195052095,1.808974844,8.716287262,0.2054947906,0.08149414232,0.05734988354,0.0084839407,-0.003307153988,-0.004690488444,-0.2948518206,-0.0688436361,0.04583852119
64.7,-0.1010629575,-0.3230713344,0.02927792029,0.1881274781,-0.07938378133,0.03368853234,-0.423379263,-0.113093872,0.4196407687,1.809734458,8.724723238,0.2053592313,0.08072784301,0.06207306756,0.008363110803,-0.002586737935,-0.00459140606,-0.299908234,-0.03231142043,0.04549448834
64.8,-0.1089138917,-0.3172259709,-0.01327352676,0.1756336489,-0.07748176209,0.08293038199,-0.4267954456,-0.1365433253,0.4198037052,1.810407237,8.732964926,0.2051962948,0.08004528101,0.06912597832,0.008096730288,-0.001852596,-0.004409448969,-0.3013263866,0.003852756083,0.04540621749
64.9,-0.116523875,-0.3065572079,-0.05590988268,0.1608712629,-0.07451754541,0.1300153446,-0.4250750971,-0.1584198764,0.4199992882,1.810984097,8.740871479,0.2050007119,0.07945106181,0.07794637069,0.007694806256,-0.001129201481,-0.004134160958,-0.2991635027,0.03924287015,0.0455194021
65,-0.1237730083,-0.2913221983,-0.09811781396,0.14401084,-0.07022280893,0.1741235864,-0.4182348047,-0.1784621159,0.4202308384,1.811458113,8.748313814,0.2047691616,0.07894841596,0.08777789198,0.007170818945,-0.0004503949535,-0.003760906803,-0.2935166355,0.07346894434,0.04577485054
65.1,-0.130516336,-0.2718569687,-0.1393886859,0.1252480443,-0.06436666522,0.2145001651,-0.4063517497,-0.1964289766,0.4204995088,1.811829738,8.755177986,0.2045004912,0.0785379267,0.09774388351,0.006541541822,0.0001427708932,-0.003292540048,-0.2845208924,0.1061604158,0.04611108604
65.2,-0.1365881442,-0.2485691491,-0.1792245488,0.104801531,-0.05676653357,0.2504703628,-0.3895621397,-0.212102078,0.420804203,1.812170694,8.761368409,0.2041957971,0.07821629068,0.1069342559,0.005826897527,0.0006050802241,-0.00274057102,-0.2723473339,0.1369692912,0.0464668285
65.3,-0.1418072723,-0.2219292593,-0.2171439368,0.08291056828,-0.04729746982,0.2814531781,-0.3680590242,-0.2252878862,0.4211416398,1.812490872,8.766810935,0.2038583602,0.07797523349,0.1144965213,0.005049810789,0.000890808403,-0.002125717057,-0.2572005681,0.1655730892,0.04678329005
65.4,-0.1459832672,-0.1924607515,-0.2526874184,0.0598324526,-0.03589963775,0.306972662,-0.3420895467,-0.235819682,0.4215065601,1.812765582,8.771455764,0.20349344,0.07780068983,0.1197215705,0.004236011053,0.0009576600932,-0.001477741957,-0.2393160607,0.1916775737,0.04700623458
65.5,-0.1489231798,-0.1607290379,-0.2854228475,0.03583973698,-0.02258366308,0.3266668371,-0.3119516834,-0.2435593303,0.4218920602,1.81296963,8.775280108,0.2031079399,0.07767234202,0.1221152902,0.003413733542,0.0007706656265,-0.0008345246925,-0.218957183,0.2150192744,0.04708776816
65.6,-0.1504387834,-0.1273297559,-0.3149502641,0.01121729284,-0.007433676232,0.3402939991,-0.2779905252,-0.2483988402,0.422290031,1.81307897,8.778290486,0.202709969,0.0775635907,0.1214485634,0.0026132687,0.0003057312709,-0.0002403397864,-0.1964120177,0.2353677915,0.046987839
65.7,-0.1503539755,-0.09287654002,-0.3409064027,-0.01374077329,0.009392078371,0.3477362667,-0.2405941566,-0.2502617048,0.42269167,1.813110445,8.780524477,0.20230833,0.07744200823,0.1177804454,0.001866316702,-0.0004474208325,0.0002566163804,-0.1719899469,0.2525278746,0.04667543464
65.8,-0.1485121159,-0.05798857969,-0.362968771,-0.03873432547,0.02766311367,0.3490003131,-0.2001891835,-0.2491040062,0.4230880313,1.813249303,8.78205171,0.2019119688,0.07727029942,0.1114521063,0.001205116328,-0.001483134707,0.0006073590992,-0.1460180422,0.2663412633,0.04612946859
65.9,-0.1447830553,-0.02327824434,-0.3808592659,-0.06346050207,0.04708102227,0.344215284,-0.1572359636,-0.2449152694,0.4234705758,1.813530805,8.782973871,0.2015294242,0.07700776473,0.1030521886,0.0006613357666,-0.002778677331,0.000765749788,-0.1188372846,0.2766882716,0.04533934994
66,-0.1390696125,0.01066094506,-0.394347299,-0.08761709169,0.0672861438,0.3336279778,-0.1122235855,-0.2377190483,0.4238316849,1.813957802,8.78342348,0.2011683151,0.07661222875,0.09335721241,0.0002647361903,-0.00429416278,0.0006924083436,-0.09079863955,0.283489094,0.04430522969
66.1,-0.1313132756,0.04326573122,-0.4032524107,-0.1109059534,0.08786639838,0.317595428,-0.06566464518,-0.227573224,0.4241651032,1.814524902,8.783561236,0.2008348968,0.0760423617,0.08325325668,4.164587976e-05,-0.005973578096,0.0003586235797,-0.0622590157,0.286704807,0.04303791568
66.2,-0.1214989206,0.0740136727,-0.4074463526,-0.1330364518,0.108368039,0.2965750971,-0.01808986157,-0.2145699946,0.4244662847,1.815226933,8.783571765,0.2005337153,0.07526028542,0.07364707087,1.331146269e-05,-0.007746890611,-0.0002500599268,-0.0335771408,0.2863380375,0.04155844805
66.3,-0.1096583724,0.1024326066,-0.406854625,-0.1537288744,0.1283080148,0.2711129432,0.02995742765,-0.1988355387,0.4247326223,1.816158028,8.7836577,0.2002673778,0.07423431944,0.06537583098,0.0001942209148,-0.009533165292,-0.001130919725,-0.005109388007,0.282433268,0.03989732835
66.4,-0.09587266305,0.1281088246,-0.401457461,-0.1727177986,0.1471875861,0.2418296769,0.07792685201,-0.1805293303,0.4249635508,1.817365624,8.784032111,0.2000364492,0.07294169103,0.05912483217,0.0005905174858,-0.01124457219,-0.002262130001,0.02279440844,0.2750767447,0.03809340026
66.5,-0.08027288266,0.1506937989,-0.3912902472,-0.1897553718,0.1645067893,0.2094055634,0.1252666403,-0.1598430905,0.4251605232,1.818860851,8.784909463,0.1998394768,0.0713710084,0.0553615079,0.001198641543,-0.01279111701,-0.003602122554,0.0497951074,0.2643959601,0.03619238823
66.6,-0.06303955932,0.1699093317,-0.3764433827,-0.2046144681,0.1797793214,0.174564161,0.1714292644,-0.1369993595,0.4253268678,1.820640833,8.786495379,0.1996731323,0.06952428319,0.0542923837,0.002004345478,-0.01408588167,-0.005090448205,0.07556834072,0.2505586793,0.03424511294
66.7,-0.04440054801,0.1855510425,-0.3570615724,-0.2170916822,0.1925473982,0.1380554071,0.2158770611,-0.1122496778,0.4254675418,1.822687493,8.788975668,0.1995324582,0.06741829058,0.05584711106,0.002982222783,-0.01505051669,-0.006650245716,0.0998084718,0.2337714855,0.03230541923
66.8,-0.02462745388,0.1974901491,-0.3333425623,-0.2270101226,0.2023961333,0.1006384747,0.2580877996,-0.08587237203,0.4255888045,1.824967231,8.792505196,0.1994111956,0.06508507574,0.05969085064,0.004095874458,-0.01562068606,-0.008192293917,0.122232384,0.2142778262,0.03042787125
66.9,-0.004030659966,0.2056735402,-0.305535321,-0.2342219622,0.208967,0.06306482165,0.29756016,-0.05816994262,0.4256978327,1.82743161,8.797197271,0.1993021674,0.06257145573,0.06526329723,0.005298803564,-0.01575113112,-0.009620477171,0.142583048,0.1923555458,0.02866529079
67,0.01704692784,0.21012218,-0.2739376797,-0.2386107095,0.2119699566,0.02606184513,0.3338190888,-0.02946606125,0.4258023077,1.830019119,8.803114321,0.1991976924,0.05993742646,0.0718398789,0.006536082755,-0.01541999866,-0.01083834766,0.1606328166,0.1683139011,0.02706623554
67.1,0.03823726547,0.2109279242,-0.2388934446,-0.2400931592,0.2111938548,-0.009682470298,0.3664209939,-0.0001021904,0.4259099981,1.83265801,8.81026061,0.199090002,0.05725346155,0.07860841459,0.007746782528,-0.01463207573,-0.01175633506,0.1761863953,0.1424900664,0.02567253246
67.2,0.05915549622,0.208248867,-0.2007889987,-0.2386209874,0.2065147955,-0.0435335523,0.3949587418,0.02956615333,0.4260283623,1.835270118,8.818577745,0.1989716378,0.05459678042,0.08475300944,0.008867083418,-0.01342059605,-0.01229904992,0.1890834385,0.1152451423,0.02451699477
67.3,0.07940899735,0.2023033674,-0.1600494162,-0.2341819567,0.1979021563,-0.07492257203,0.4190664132,0.05917346281,0.4261641902,1.837775496,8.827943572,0.1988358098,0.05204675877,0.08953635858,0.009833928645,-0.0118473341,-0.0124120652,0.1992007235,0.08695969799,0.02362145865
67.4,0.09860690405,0.1933629384,-0.1171341151,-0.2268006996,0.185422078,-0.103356839,0.4384237754,0.08834859272,0.4263232986,1.840097578,8.838174916,0.1986767015,0.04967974775,0.09237196895,0.01058901085,-0.01000078702,-0.01206755082,0.2064538555,0.05802888705,0.0229952731
67.5,0.1163698487,0.1817442023,-0.07253207796,-0.2165390545,0.1692382725,-0.1284280468,0.452760422,0.1167193546,0.4265102892,1.842168551,8.849034366,0.1984897108,0.04756364885,0.09287904373,0.01108283379,-0.007992358934,-0.01126818554,0.210798467,0.02885718729,0.02263436548
67.6,0.1323396445,0.1678001349,-0.02675667854,-0.2034959322,0.1496100893,-0.1498182183,0.4618595324,0.1439173002,0.4267283754,1.843934531,8.860241037,0.1982716247,0.04575265062,0.09091475774,0.01127855346,-0.005950603773,-0.01004887812,0.2122308733,-0.0001471694263,0.02252098263
67.7,0.1461886384,0.1519108356,0.01965984723,-0.1878066968,0.12688786,-0.1673032591,0.4655611982,0.1695826307,0.4269792762,1.845360125,8.871484938,0.1980207238,0.04428256215,0.08658115807,0.01115528839,-0.004013741883,-0.008475990664,0.2107881595,-0.0285780028,0.02262417521
67.8,0.1576284668,0.134474061,0.06617223874,-0.1696420532,0.1015056155,-0.1807540978,0.4637652643,0.1933691648,0.4272631768,1.846431956,8.882444251,0.1977368232,0.04316717085,0.08020667225,0.01071059933,-0.00232083018,-0.006643959112,0.2065476783,-0.05603713928,0.02290105219
67.9,0.1664179583,0.1158957661,0.1122283058,-0.1492064369,0.07397135171,-0.1901354504,0.456433631,0.2149492896,0.4275787497,1.847160811,8.892804569,0.1974212504,0.04239600468,0.07230489484,0.009961875886,-0.001002120461,-0.004669432629,0.199625949,-0.08214042193,0.02329878421
68,0.1723699501,0.09658088164,0.157275225,-0.1267359132,0.04485508928,-0.1955023126,0.4435919643,0.2340188173,0.4279232311,1.847582101,8.902278887,0.1970767689,0.041933793,0.06351566354,0.008946431745,-0.0001692688106,-0.00268328404,0.1901769569,-0.1065236732,0.02375728395
68.1,0.1753568133,0.07692455072,0.200765975,-0.102495599,0.01477503919,-0.1969943397,0.4253307642,0.2503016652,0.4282925478,1.847762821,8.91062699,0.1967074522,0.04172179918,0.05453518013,0.007720196299,9.385534004e-05,-0.0008210560559,0.1783898633,-0.128848503,0.02421244002
68.2,0.1753145149,0.05730402407,0.242165845,-0.07677662873,-0.01561775589,-0.1948283275,0.4018057428,0.2635542767,0.4286814873,1.847812052,8.917672824,0.1963185128,0.04168105128,0.04604290493,0.006354994468,-0.0002610169386,0.0007874195883,0.1644861463,-0.1488078527,0.02459973467
68.3,0.172245085,0.03807139127,0.2809589443,-0.04989269466,-0.04565588936,-0.1892890543,0.3732374697,0.2735697011,0.4290839078,1.84802629,8.923318479,0.1959160922,0.04171733525,0.03863306615,0.004934519315,-0.001240856983,0.002028379578,0.1487162066,-0.1661311628,0.02485803668
68.4,0.1662174007,0.01954729779,0.3166546385,-0.02217619931,-0.07467271634,-0.180718779,0.339910249,0.2801812514,0.4294929834,1.848470309,8.927553576,0.1955070166,0.04172765402,0.03275788648,0.003549214851,-0.002808389298,0.00281357237,0.131355478,-0.1805890582,0.02493333477
68.5,0.1573662435,0.002015765661,0.348793834,0.00602593313,-0.1020196641,-0.1695057253,0.3021701988,0.2832656637,0.4299014792,1.849150538,8.930459128,0.1950985209,0.04160770872,0.02868813941,0.002290388953,-0.004882344622,0.003087937526,0.1127000994,-0.1919974441,0.02478216549
68.6,0.1458896372,-0.01427979773,0.3769550287,0.03435673382,-0.1270832455,-0.1560718944,0.2604225158,0.2827456898,0.4303020516,1.850059601,8.932205282,0.1946979485,0.04125984236,0.02649458967,0.001243958855,-0.007341134968,0.00283479267,0.09306220999,-0.2002209196,0.02437449578
68.7,0.1320445192,-0.02913935347,0.4007600496,0.06245389432,-0.149301298,-0.1408605631,0.215127915,0.2785920577,0.4306875669,1.851176582,8.933042823,0.1943124331,0.04060081274,0.02605148683,0.0004842855077,-0.01002989437,0.002077994126,0.07276494054,-0.2051754197,0.0236958447
68.8,0.1161408451,-0.04240773373,0.4198793918,0.08995463402,-0.1681779909,-0.1243238214,0.1667982513,0.2708247489,0.4310514284,1.852468201,8.93328875,0.1939485716,0.03956874124,0.02706084004,6.85717651e-05,-0.01277053464,0.0008807888741,0.05213718305,-0.206830015,0.02274847049
68.9,0.09853427284,-0.05397491458,0.4340370803,0.1165006592,-0.1832971731,-0.1069104926,0.115991339,0.259513549,0.4313879008,1.853917327,8.933306719,0.1936120992,0.03812862161,0.0290939772,3.227910379e-05,-0.01537417904,-0.0006586375651,0.03150822439,-0.2052078084,0.02155150641
69,0.07961761107,-0.06377511338,0.443014975,0.1417431395,-0.1943336798,-0.08905475872,0.06330500209,0.2447778423,0.4316924174,1.855724655,8.933483594,0.1933075826,0.03627586848,0.03164512465,0.0003859581279,-0.01765508674,-0.002414616508,0.01120233754,-0.2003858866,0.02013999795
69.1,0.05981125249,-0.07178479648,0.446656443,0.1653476253,-0.2010622714,-0.07116578555,0.009370400837,0.2267856316,0.4319618536,1.857917316,8.934203645,0.1930381465,0.03403753251,0.03419061714,0.001113792599,-0.01944499317,-0.004243876568,-0.008466574153,-0.1924943051,0.01856287019
69.2,0.03955284317,-0.07801971018,0.4448693315,0.1869988285,-0.2033639411,-0.05361860332,-0.04515530311,0.2057517826,0.4321947485,1.860438898,8.935822245,0.1928052516,0.031470997,0.0362469715,0.002174031858,-0.02060668962,-0.005997039335,-0.02720018251,-0.1817140998,0.016879932
69.3,0.01928646081,-0.08253107166,0.4376281762,0.2064051884,-0.2012294025,-0.03674645597,-0.09959686718,0.1819355029,0.4323914577,1.863206579,8.93864095,0.1926085424,0.02866018388,0.03742144963,0.003501341822,-0.02104566336,-0.007530757952,-0.04472069321,-0.1682743433,0.01515809751
69.4,-0.0005484097767,-0.08540107529,0.424975592,0.2233031497,-0.1947596448,-0.02083478282,-0.1532693835,0.1556370818,0.4325542198,1.866117056,8.94288585,0.1924457803,0.02570951586,0.03744983248,0.005010952066,-0.02071872587,-0.008719450043,-0.06077546373,-0.1524482818,0.01346706781
69.5,-0.01952780846,-0.08673788355,0.4070228024,0.2374610776,-0.1841635263,-0.006116943487,-0.2054870858,0.1271939326,0.4326871251,1.869054258,8.948690855,0.192312875,0.02273608625,0.03621777983,0.006604328757,-0.01963876616,-0.009465595894,-0.07514119143,-0.1345486105,0.01187476362
69.6,-0.03725384472,-0.08667028019,0.3839492729,0.248682746,-0.1697524578,0.007228258077,-0.2555724309,0.09697599241,0.4327959778,1.871898231,8.956087258,0.1922040223,0.01986065917,0.0337641579,0.008175973393,-0.01787506611,-0.009707687812,-0.08762758908,-0.1149219637,0.01044282606
69.7,-0.05336457068,-0.085342166,0.3560014275,0.2568103351,-0.1519323121,0.01907725014,-0.3028653293,0.065380546,0.4328880513,1.874534478,8.965000456,0.1921119488,0.01719824246,0.03026683699,0.009620847216,-0.01554898065,-0.00942511812,-0.0980804741,-0.09394271525,0.009222506575
69.8,-0.06754291489,-0.08290707481,0.3234904415,0.2617268864,-0.1311927693,0.02936062437,-0.3467323877,0.03282655641,0.4329717423,1.876862948,8.975254165,0.1920282577,0.01484903165,0.02601344962,0.0108418602,-0.01282518723,-0.008639563415,-0.1063842079,-0.07200620021,0.008251246284
69.9,-0.07952443402,-0.07952287952,0.2867891137,0.2633581702,-0.1080943843,0.03806042752,-0.3865760228,-0.0002514086428,0.433056139,1.87880592,8.986581934,0.1919438611,0.01289050802,0.02136122903,0.01175684803,-0.009899109356,-0.007412736802,-0.1124634339,-0.04952148579,0.007550200763
70,-0.08910367179,-0.07534684466,0.2463278412,0.2616739291,-0.08325372553,0.04520596688,-0.4218433003,-0.03340955354,0.4331505237,1.880314066,8.998645131,0.1918494763,0.01137138691,0.01669114287,0.01230449253,-0.006981480779,-0.00584070842,-0.1162840753,-0.02690382815,0.007122901074
70.1,-0.09613895174,-0.07053116478,0.202589729,0.256688473,-0.05732698627,0.05086832481,-0.4520343511,-0.06620142792,0.4332638407,1.881370165,9.011056135,0.1917361594,0.01030796004,0.01236198409,0.01244871916,-0.004281303745,-0.004045306587,-0.1178535696,-0.00456696332,0.006955160512
70.2,-0.1005554735,-0.06521910642,0.1561048861,0.2484606126,-0.03099251868,0.05515381257,-0.4767102199,-0.09818458423,0.4334041601,1.881990123,9.023405011,0.19159584,0.009683170714,0.008669849228,0.01218122284,-0.001988637748,-0.002163377514,-0.1172203296,0.01708461475,0.00701624487
70.3,-0.1023466283,-0.05954184716,0.1074439706,0.2370929264,-0.004932766073,0.05819662145,-0.4955000044,-0.1289272048,0.4335781753,1.882221171,9.035287681,0.1914218247,0.00944852113,0.005817568861,0.01152192113,-0.0002587119872,-0.0003348751839,-0.1144724388,0.03766323333,0.007261229197
70.4,-0.1015734982,-0.05361607809,0.05721106184,0.2227303723,0.02018390964,0.06015094775,-0.508107152,-0.1580145836,0.4337907688,1.882316321,9.04633349,0.1912092313,0.009528658698,0.003897278275,0.01051730004,0.0008012233029,0.001309144004,-0.1097356017,0.05680532242,0.007634373473
70.5,-0.09836255341,-0.04754240833,0.006035950623,0.2055582626,0.04372100647,0.06118287845,-0.5143147896,-0.1850553492,0.4340446777,1.882620676,9.056230119,0.1909553224,0.009828246621,0.002887604118,0.00923678624,0.001141101918,0.002657544793,-0.1031703879,0.0741782484,0.008073270733
70.6,-0.09290161275,-0.04140458077,-0.04543405088,0.1857996341,0.06509077791,0.06146232521,-0.5139899767,-0.20968732,0.4343402871,1.883039732,9.064743994,0.190659713,0.0102405156,0.002665109971,0.007767438501,0.0007724251319,0.003628176193,-0.09496882019,0.08948655739,0.008513460382
70.7,-0.08543417716,-0.03526948042,-0.09654266661,0.1637120558,0.08376978065,0.06115528604,-0.5070867876,-0.231582891,0.4346755673,1.883469675,9.071734719,0.1903244327,0.01065673874,0.003027912166,0.00620738454,-0.000232638931,0.004174185057,-0.08535037479,0.1024774974,0.008893161977
70.8,-0.0762522945,-0.0291878891,-0.1466334605,0.1395839247,0.09931264692,0.06041669731,-0.4936481451,-0.2504538558,0.4350461642,1.883991689,9.077162537,0.1899538358,0.01097578552,0.003727953152,0.00465852735,-0.001747434971,0.004287053246,-0.07455746883,0.1129457025,0.009157773932
70.9,-0.06568815165,-0.02319591544,-0.1950587586,0.1137303116,0.1113637029,0.05938411348,-0.4738063496,-0.2660555841,0.4354456388,1.884674426,9.08108837,0.1895543612,0.01111290157,0.004507467858,0.003219098494,-0.00360179746,0.003996140888,-0.06285052658,0.1207369389,0.009263798549
71,-0.05410462608,-0.01731700681,-0.241188558,0.08648842422,0.1196661149,0.05817241991,-0.4477822695,-0.2781904821,0.4358658422,1.885504604,9.083666578,0.1891341579,0.01100693096,0.005134803451,0.001976640579,-0.005596901823,0.003364844821,-0.05050272094,0.1257508339,0.009181898525
71.1,-0.04188505711,-0.01156443116,-0.2844192865,0.05821276262,0.1240683127,0.05686974549,-0.4158831789,-0.2867106793,0.4362974017,1.886456112,9.085131149,0.1887025984,0.01062534027,0.005434987792,0.001001957351,-0.007522703153,0.00248379352,-0.03779449561,0.1279425279,0.008898857175
71.2,-0.02942251853,-0.005944102288,-0.3241822791,0.02927004613,0.1245275177,0.05553469853,-0.3784992565,-0.2915199012,0.4367302854,1.887492098,9.085776501,0.1882697147,0.009966605592,0.005311245129,0.0003444817146,-0.009176425328,0.001461767877,-0.02500797741,0.1273232142,0.008418299898
71.3,-0.01710888745,-0.0004576119915,-0.3599518391,3.399527224e-05,0.1211102807,0.0541950023,-0.3360987798,-0.2925745001,0.4371544064,1.888567901,9.085934522,0.1878455937,0.009059766895,0.004754919461,2.93878428e-05,-0.01038045153,0.0004152358678,-0.01242139088,0.1239595544,0.00776013104
71.4,-0.005324009634,0.004894672691,-0.3912527553,-0.02911994704,0.1139900204,0.05284755766,-0.2892220745,-0.2898836349,0.4375602262,1.889666858,9.085949659,0.1874397738,0.007961214594,0.003842822224,5.66246637e-05,-0.0109980064,-0.0005424998783,-0.000303587064,0.1179719828,0.00695874045
71.5,0.005574741794,0.01011058913,-0.4176671554,-0.05781986985,0.1034416361,0.05145991059,-0.2384743013,-0.2835086057,0.4379393158,1.890864437,9.086154021,0.1870606843,0.006749027682,0.002722673698,0.0004018876786,-0.01094520858,-0.00131152847,0.01109120386,0.1095319341,0.006060129694
71.6,0.0152622287,0.01518337301,-0.4388405847,-0.08570254062,0.08983334849,0.04997305396,-0.184517184,-0.2735613653,0.4382848369,1.892086085,9.086844373,0.1867151631,0.00551540602,0.001588849298,0.001019388464,-0.01019839407,-0.001814000661,0.02152829142,0.09885805523,0.005118191208
71.7,0.02345436516,0.02009919442,-0.4544872085,-0.1124183631,0.07361600172,0.04830544688,-0.1280598032,-0.2602022454,0.4385919141,1.893234429,9.08826268,0.1864080859,0.004357911253,0.0006518813574,0.001846139828,-0.008796036928,-0.002000481399,0.03079701733,0.08621148308,0.004190438045
71.8,0.02991575028,0.02483515037,-0.4643940547,-0.1376360707,0.05531012742,0.04635809298,-0.06984859776,-0.2436369479,0.4388578735,1.89421556,9.09058154,0.1861421266,0.003370334892,0.0001059514161,0.002807361271,-0.006835084574,-0.001853462513,0.03871473312,0.07189028807,0.00333352204
71.9,0.03446591035,0.02935780999,-0.4684242219,-0.1610470849,0.03549113548,0.04402048236,-0.01065673088,-0.2241128677,0.4390823381,1.894947707,9.093895381,0.1859176619,0.00263403885,9.884244743e-05,0.003822533132,-0.004462035454,-0.001387795641,0.04513018546,0.05622320416,0.002598891163
72,0.03698398369,0.03362238792,-0.4665190004,-0.1823694757,0.01477304673,0.04117717155,0.04872700841,-0.2019148213,0.4392671779,1.895368695,9.098217831,0.1857328221,0.002210561324,0.0007084781339,0.004811594015,-0.001859568278,-0.0006481037811,0.04992624416,0.03956277875,0.00202892166
72.1,0.03741172457,0.03757259722,-0.4586988669,-0.2013514684,-0.006208777547,0.03771475312,0.1075095898,-0.1773602688,0.4394163236,1.895473144,9.103485151,0.1855836764,0.002136154711,0.001929302426,0.005700786233,0.0007700600753,0.0002964855103,0.05302192241,0.02227808898,0.001653818752
72.2,0.03575474993,0.04114120785,-0.4450633347,-0.2177744519,-0.02681542699,0.03352895178,0.1649052263,-0.1507941211,0.4395354634,1.895757309,9.109565141,0.1854645366,0.002418735001,0.003670457979,0.006427705617,0.003223335561,0.00135969876,0.05437365319,0.004747178906,0.001489514935
72.3,0.03208200166,0.04425130991,-0.4257896578,-0.2314554499,-0.04642225941,0.02853157765,0.2201467723,-0.1225832328,0.439631648,1.896378416,9.116270555,0.1853683521,0.003037492001,0.005766169753,0.006945198839,0.005313859239,0.002446800789,0.05397580224,-0.0126506224,0.001536712737
72.4,0.02652344635,0.0468182538,-0.4011304077,-0.2422490315,-0.0644362491,0.02265706997,0.2724968465,-0.0931106832,0.439712835,1.897289862,9.12337572,0.185287165,0.00394515924,0.007997125436,0.007223864485,0.006889102567,0.003463738067,0.05186041352,-0.02954234088,0.001781126197
72.5,0.01926608386,0.04875221367,-0.3714099587,-0.250048642,-0.08031238616,0.01586837602,0.3212585001,-0.06276994833,0.4397874058,1.898423064,9.130634916,0.1852125943,0.005072695267,0.01012017087,0.007253042156,0.0078440313,0.004325861653,0.04809619943,-0.04556879658,0.00219487981
72.6,0.01054838237,0.04996129557,-0.3370199374,-0.254787351,-0.09356867481,0.008161929561,0.3657852547,-0.03195906772,0.4398636865,1.899694042,9.137800982,0.1851363136,0.006335907803,0.01190249359,0.007040305138,0.008130376772,0.004965422589,0.04278680359,-0.06039168872,0.002738933314
72.7,0.0006533009609,0.05035508959,-0.2984137056,-0.2564380203,-0.103799319,-0.0004284791852,0.4054903482,-0.00107490517,0.4399495039,1.901011335,9.144642719,0.1850504961,0.007643379156,0.01315579832,0.006609594748,0.007760737906,0.005337180816,0.03606837886,-0.07370018291,0.003366322457
72.8,-0.01009990044,0.04984854626,-0.2560999649,-0.2550129072,-0.1106857364,-0.009829115356,0.4398550411,0.02949240194,0.4400517999,1.902284497,9.150959849,0.1849482002,0.008904941157,0.01376587427,0.00599823809,0.006807174573,0.005421675302,0.028106537,-0.08521686891,0.004025946085
72.9,-0.02136483132,0.04836604183,-0.2106355839,-0.2505627252,-0.1140051025,-0.01992512616,0.4684358518,0.05936471719,0.4401763228,1.903432385,9.156594564,0.1848236773,0.0100399099,0.01371343661,0.005253167455,0.005394457886,0.005225945874,0.01909273906,-0.09470297286,0.004666592876
73,-0.03277786197,0.04584548647,-0.1626177588,-0.2431751946,-0.1136361987,-0.03056087012,0.4908706105,0.08818082455,0.440327407,1.904390473,9.161439041,0.184672593,0.01098432701,0.01308314113,0.004426703757,0.003688628078,0.004781750617,0.009240205897,-0.1019627252,0.005240889364
73.1,-0.04396845827,0.04224232235,-0.1126756324,-0.2329731222,-0.1095624131,-0.04154178806,0.5068832419,0.1156009236,0.4405078449,1.905116539,9.165438683,0.1844921552,0.0116965603,0.01205910412,0.003572276299,0.00188193095,0.004141561414,-0.001220562413,-0.1068468053,0.005708864788
73.2,-0.05456967087,0.037533258,-0.06146150121,-0.2201120547,-0.1018718234,-0.05263780455,0.51628721,0.1413106424,0.4407188475,1.90559423,9.168591191,0.1842811525,0.01216078045,0.01090693811,0.002740428086,0.0001755208308,0.003372820898,-0.01204656307,-0.1092548056,0.006040866119
73.3,-0.06422848697,0.03171958825,-0.009641746334,-0.2047775572,-0.09075437328,-0.06358819788,0.518987583,0.165024522,0.4409600879,1.905948863,9.170941914,0.1840399121,0.01238803625,0.009944034224,0.001975404113,-0.001238496359,0.002551088556,-0.02298726274,-0.1091366787,0.006219614442
73.4,-0.07261575792,0.02482995821,0.04211237159,-0.1871821705,-0.07649623659,-0.07410782716,0.5149816992,0.1864889385,0.4412298133,1.906339597,9.172576174,0.1837701867,0.01241487673,0.009501372091,0.001312546289,-0.002194067535,0.001752779881,-0.03378966302,-0.1064931548,0.006241266668
73.5,-0.07943542943,0.01692244313,0.09313391479,-0.1675621066,-0.05947153867,-0.08389455834,0.5043584414,0.2054844405,0.4415250129,1.90672185,9.173609447,0.1834749871,0.01229969452,0.009881323493,0.000776631123,-0.002565741107,0.001048205818,-0.04420335652,-0.1013751394,0.006115427807
73.6,-0.08443282175,0.008085833855,0.1427693296,-0.1461737386,-0.04013168139,-0.09263768867,0.4872961497,0.2218274947,0.4418416263,1.907045474,9.174176385,0.1831583737,0.01211716831,0.01131658244,0.0003811940813,-0.002279501087,0.0004955533607,-0.05398547286,-0.0938821219,0.005864142047
73.7,-0.08740173518,-0.001559960303,0.190387233,-0.1232899465,-0.01899258173,-0.1000271323,0.4640592259,0.2353716398,0.4421747779,1.907260788,9.174419626,0.1828252221,0.0119513452,0.01393540871,0.0001287963714,-0.001318982421,0.0001363219575,-0.06290541814,-0.08415964692,0.005519968901
73.8,-0.08819019025,-0.0118644543,0.2353867973,-0.09919637659,0.003379808011,-0.1057630997,0.434993505,0.2460080643,0.4425190239,1.907326634,9.174479307,0.1824809761,0.01188801283,0.01773779227,1.211361378e-05,0.0002734070237,-7.439759354e-06,-0.07074931765,-0.07239591982,0.005123317577
73.9,-0.08670465108,-0.02264811067,0.2772056141,-0.07418767026,0.02638528423,-0.1095659804,0.4005204868,0.2536656327,0.4428686027,1.907458263,9.174483999,0.1821313974,0.0120070565,0.02258598672,1.566748086e-05,0.002400468945,6.605281928e-05,-0.07732407937,-0.05881763431,0.004719263678
74,-0.08291262372,-0.03370484877,0.315326929,-0.04856371735,0.04940603166,-0.1111861272,0.3611305415,0.2583103913,0.4432176787,1.907840392,9.174543604,0.1817823214,0.01237547747,0.0282112466,0.0001179847369,0.004918858988,0.0003394086311,-0.0824610056,-0.04368512449,0.004354103774
74.1,-0.07684356734,-0.04480551456,0.349286151,-0.02262598249,0.07182364852,-0.110413232,0.3173752141,0.2599445976,0.4435605751,1.90852263,9.174744533,0.181439425,0.01304166786,0.03423671745,0.0002939546507,0.007651547779,0.0007788209516,-0.08601889073,-0.02728695615,0.00407191377
74.2,-0.06858810339,-0.05570225492,0.3786765527,0.003326049226,0.09303607895,-0.1070849904,0.2698587684,0.2586053182,0.4438919905,1.909531096,9.17514725,0.1811080096,0.01403140618,0.0402144875,0.0005171645346,0.01040293746,0.001338122156,-0.0878865552,-0.009934080584,0.003911366271
74.3,-0.05829555613,-0.0661337107,0.4031540932,0.02899826706,0.1124739798,-0.1010947656,0.2192291171,0.2543626484,0.4442071957,1.910867068,9.175786049,0.1807928044,0.01534586832,0.04567304566,0.0007620211568,0.01297526963,0.001963656741,-0.08798477836,0.008046319559,0.00390303224
74.4,-0.04616990362,-0.07583091482,0.42244131,0.05410513484,0.1296160681,-0.09239798305,0.1661682933,0.2473176095,0.444502209,1.912507097,9.176670792,0.1804977911,0.01696176024,0.05017001448,0.001005508334,0.01518488574,0.002599451242,-0.08626760603,0.02631716029,0.004067346388
74.5,-0.03246426276,-0.08452375652,0.436330241,0.07837266702,0.1440030265,-0.08101702272,0.11138262,0.2375997791,0.4447739451,1.914405194,9.177790175,0.180226055,0.01883348804,0.05334421342,0.0012284825,0.01687695683,0.003192170666,-0.08272302175,0.04453783037,0.004413358331
74.6,-0.01747407186,-0.0919478512,0.4446843555,0.101541157,0.1552495885,-0.0670444085,0.05559273685,0.2253647134,0.445020335,1.916496822,9.179116037,0.179979665,0.02089710651,0.05496096492,0.001416462469,0.01793747642,0.003695413061,-0.07737298381,0.06237048092,0.004938327757
74.7,-0.001529169518,-0.09785163759,0.4474394872,0.1233676393,0.1630544782,-0.05064414563,-0.0004763640545,0.2107912157,0.4452404116,1.918704296,9.180608206,0.1797595884,0.02307564399,0.0549451197,0.001559921285,0.01830158752,0.004072996798,-0.07027284262,0.07948610846,0.005628156924
74.8,0.01501500206,-0.1020035116,0.4446037768,0.1436280735,0.1672079427,-0.03205110325,-0.05610514118,0.194078505,0.445434355,1.920943078,9.182219415,0.1795656451,0.02528530101,0.05339749993,0.001654132215,0.01795766381,0.004301025417,-0.06151016496,0.09557031771,0.00645859301
74.9,0.03178681829,-0.1041987984,0.4362566495,0.162119242,0.1675966856,-0.01156839575,-0.1105890063,0.1754433337,0.4456034939,1.923128393,9.183899868,0.1793965061,0.0274419693,0.05059221434,0.001698654067,0.01694695079,0.004368656449,-0.0512030022,0.1103286618,0.007397080529
75,0.04840825166,-0.1042663632,0.422546861,0.1786603584,0.1642060854,0.01043722762,-0.1632473955,0.1551170987,0.4457502576,1.925181611,9.185601156,0.1792497424,0.02946751896,0.04695439963,0.001696561131,0.01535895911,0.004277637711,-0.03949764943,0.1234914709,0.008405103848
75.1,0.06450473535,-0.1020746629,0.4036896652,0.1930943891,0.1571196585,0.03354191759,-0.2134322896,0.1333429858,0.4458780757,1.927035882,9.187279326,0.1791219244,0.03129535088,0.04302015398,0.001653529906,0.01332315509,0.004040792498,-0.02656595057,0.1348180934,0.009440834013
75.2,0.07971483668,-0.09753705457,0.3799631595,0.2052890921,0.1465158092,0.0572730607,-0.2605360801,0.1103731784,0.4459912258,1.928640584,9.188897005,0.1790087742,0.0328748022,0.03938250112,0.001576889362,0.0109977815,0.00367972273,-0.01260221112,0.1441004919,0.01046188374
75.3,0.09369947452,-0.09061618566,0.3517038818,0.2151377804,0.1326619814,0.08111923861,-0.3039986898,0.08646616023,0.4460946335,1.929964305,9.190424598,0.1789053666,0.03417411344,0.03662891692,0.001474726213,0.008556843971,0.003222049254,0.002180214462,0.1511661504,0.01142797917
75.4,0.1061504295,-0.08132731786,0.319301735,0.2225598223,0.1159064028,0.1045415838,-0.3433138752,0.06188412877,0.4461936292,1.930996196,9.191840648,0.1788063709,0.03518180394,0.03527706486,0.001355114674,0.006176400269,0.002698518795,0.01755259056,0.1558802663,0.01230337542
75.5,0.1167979188,-0.06974045591,0.2831943247,0.2275008886,0.09666767996,0.1269862609,-0.3780346519,0.03689053676,0.446293676,1.931745671,9.193131509,0.1787063241,0.03590644401,0.03571578159,0.001225514753,0.004021288628,0.002140279852,0.03327465112,0.1581472182,0.01305887251
75.6,0.125417036,-0.05598118492,0.2438608004,0.2299329607,0.07542255908,0.1478977641,-0.4077778027,0.01174776768,0.4464000808,1.932240606,9.194290506,0.1785999193,0.03637494434,0.0381579699,0.001092357852,0.002233332955,0.001576571701,0.04909856117,0.1579113149,0.01367332604
75.7,0.1318328903,-0.04023015107,0.2018152924,0.2298541131,0.05269222063,0.1667326961,-0.4322274422,-0.01328505071,0.4465177069,1.932524256,9.195316778,0.1784822932,0.03662959513,0.04261092026,0.0009608160119,0.0009218820428,0.00103299118,0.0647729181,0.1551568466,0.01413458898
75.8,0.1359243186,-0.02272115519,0.1576000401,0.2272880844,0.02902751248,0.1829736683,-0.4511376281,-0.03795409678,0.4466507072,1.93265123,9.196213972,0.1783492929,0.03672417006,0.04886780524,0.0008347337695,0.0001572980693,0.0005304125702,0.0800467245,0.1499074725,0.01443986421
75.9,0.137626086,-0.003737865565,0.1117783069,0.2222836494,0.00499355459,0.1961429569,-0.464334025,-0.06201277477,0.4468022955,1.932686216,9.196988938,0.1781977045,0.03671945987,0.05652186081,0.0007166903046,-3.226807391e-05,8.454843288e-05,0.09467326857,0.1422249912,0.01459548796
76,0.1369295336,0.01639080742,0.06492717495,0.214913806,-0.01884583792,0.2058155471,-0.471714637,-0.08522351193,0.4469745748,1.932710633,9.197650532,0.1780254252,0.0366786142,0.06500232245,0.0006081546746,0.0003392361953,-0.0002939357918,0.1084138528,0.1322075493,0.01461619978
76.1,0.1338816787,0.03729659533,0.01763031234,0.2052747875,-0.04194346505,0.2116312063,-0.4732496399,-0.1073594432,0.4471684338,1.932829891,9.198208614,0.1778315663,0.03666265217,0.07362879229,0.0005096975985,0.001218996281,-0.0005988948728,0.1210413184,0.1199873525,0.01452398276
76.2,0.1285828152,0.05857890044,-0.02952919965,0.1934849121,-0.06378334889,0.2133052496,-0.468980355,-0.1282059938,0.4473835224,1.933085787,9.198673261,0.1776164777,0.03672645577,0.08167863952,0.0004212282172,0.002521228452,-0.0008279346171,0.1323433183,0.10572795,0.01434657666
76.3,0.1211827058,0.07981282266,-0.07597589581,0.1796832781,-0.08389422514,0.2106376894,-0.4590174117,-0.1475623711,0.4476183088,1.933507614,9.19905423,0.1773816913,0.03691549293,0.08846051593,0.0003422316961,0.004135117028,-0.0009815720369,0.1421253012,0.08962116307,0.01411577705
76.4,0.1118754968,0.100558009,-0.1211487344,0.1640283154,-0.1018615429,0.2035204974,-0.4435381577,-0.1652429741,0.4478702133,1.934112874,9.199360643,0.1771297867,0.03726343758,0.09338627605,0.0002719916486,0.00593405193,-0.001062473313,0.1502131725,0.07188373609,0.01386563436
76.5,0.1008935214,0.1203681258,-0.1645076103,0.1466961981,-0.1173376435,0.1919427564,-0.4227833792,-0.1810787282,0.4481358111,1.934906377,9.199600891,0.176864189,0.03779077042,0.09603362596,0.0002097885185,0.007785385842,-0.001074875628,0.1564556111,0.05275378128,0.01363065985
76.6,0.08850018813,0.1388007322,-0.2055395088,0.1278791286,-0.130049845,0.1759935299,-0.3970533961,-0.1949183505,0.4484110865,1.935880251,9.199782712,0.1765889135,0.03850436354,0.09619269203,0.000155070095,0.009559954252,-0.00102424502,0.1607260221,0.03248709113,0.01344413264
76.7,0.07498217365,0.155427323,-0.2437642401,0.1077834979,-0.1398062236,0.1558623349,-0.3667036042,-0.206629546,0.4486917207,1.937014851,9.19991344,0.1763082793,0.03939798218,0.09389131856,0.000107592687,0.0111406831,-0.0009171658537,0.1629241175,0.01135338518,0.01333658372
76.8,0.06064115982,0.1698432952,-0.2787397038,0.08662792988,-0.1464989511,0.1318371676,-0.3321395323,-0.2161001322,0.4489733882,1.938280447,9.200000364,0.1760266118,0.04045358087,0.08939610136,6.753122181e-05,0.01242973513,-0.000761406911,0.1629771211,-0.01036744648,0.01333451298
76.9,0.04578536149,0.1816775956,-0.3100666373,0.0646412171,-0.150105122,0.1043000914,-0.2938114852,-0.2232390865,0.4492520404,1.939639561,9.200051191,0.1757479596,0.04164323211,0.08318871188,3.555432906e-05,0.01335380192,-0.0005660721011,0.1608405994,-0.03238904774,0.01345937442
77,0.03072109748,0.1906018078,-0.3373928109,0.04206015599,-0.1506850789,0.07372046324,-0.2522088425,-0.2279775048,0.4495241532,1.941049736,9.20007456,0.1754758468,0.04293150396,0.07591968889,1.285742479e-05,0.01386731833,-0.0003417253853,0.1564989272,-0.05442220165,0.01372684512
77.1,0.01574465085,0.19633845,-0.3604166385,0.01912729138,-0.1483783165,0.04064593615,-0.2078540799,-0.2302694569,0.4497869203,1.942466528,9.200080562,0.1752130797,0.04427809706,0.06834428838,1.144225698e-06,0.01395354472,-0.0001003821016,0.1499653988,-0.07617829671,0.01414637686
77.2,0.001134653819,0.1986682685,-0.3788901793,-0.003911418792,-0.1433971181,0.005691433093,-0.1612965761,-0.230092722,0.4500383792,1.943855085,9.200081217,0.1749616209,0.04564055869,0.06124692503,2.546284879e-06,0.01362361647,0.0001447184541,0.1412820013,-0.0973726237,0.01472101586
77.3,-0.01285478648,0.1974363389,-0.3926215113,-0.02680900532,-0.1360181433,-0.03047365599,-0.1131062705,-0.2274493814,0.4502774614,1.945211272,9.200090829,0.1747225386,0.0469769092,0.05536199622,1.947202235e-05,0.0129137912,0.0003796053876,0.1305188674,-0.1177274803,0.01544746718
77.4,-0.02600002993,0.1925568093,-0.4014764669,-0.04931994083,-0.1265722448,-0.06713975566,-0.06386722556,-0.2223662467,0.4505039688,1.946502183,9.200126158,0.1744960312,0.04824803995,0.05129931275,5.43818244e-05,0.01188122387,0.0005903306939,0.1177734282,-0.1369750691,0.01631637497
77.5,-0.03811275207,0.1840161559,-0.4053797209,-0.0712026264,-0.115432844,-0.1035725258,-0.0141711524,-0.2148950984,0.4507184801,1.947695999,9.200206333,0.17428152,0.04941976922,0.04948191888,0.0001094939783,0.01059866768,0.0007639316604,0.1031692862,-0.1548601821,0.01731278881
77.6,-0.04904357339,0.1718748545,-0.4043152322,-0.09222189155,-0.1030032341,-0.139029051,0.03538905011,-0.2051127086,0.450922202,1.948767508,9.200352434,0.1740777981,0.0504644712,0.05010281128,0.0001864367159,0.00914853246,0.0008895012825,0.08685483184,-0.1711426701,0.01841678766
77.7,-0.05868438191,0.156267412,-0.3983260423,-0.1121514846,-0.08970320979,-0.172774406,0.08422569358,-0.1931206255,0.4511167818,1.949699021,9.200586719,0.1738832182,0.05136222045,0.05310509733,0.0002858731075,0.007616736779,0.0009592341468,0.06900162229,-0.185599702,0.01960423664
77.8,-0.06696930237,0.1374007376,-0.3875134381,-0.1307765288,-0.07595544067,-0.2040981923,0.1317625888,-0.1790446938,0.4513041014,1.950480778,9.200931474,0.1736958987,0.05210142089,0.05818767801,0.0004071362151,0.00608676777,0.000969301201,0.04980254543,-0.198027823,0.0208476561
77.9,-0.07387430748,0.1155508804,-0.3720354942,-0.1478959161,-0.06217200843,-0.2323306411,0.1774411805,-0.1630342928,0.4514860734,1.951110862,9.201407519,0.1735139266,0.05267891306,0.06483586206,0.000547919854,0.004634319953,0.0009204144147,0.02946978731,-0.2082448205,0.02211718682
78,-0.07941550842,0.0910581941,-0.3521050108,-0.16332461,-0.04874152218,-0.2568578856,0.2207264853,-0.1452612748,0.4516644608,1.951594651,9.202032459,0.1733355392,0.05309957685,0.07237370399,0.0007040737331,0.003322825357,0.0008179714673,0.008232621999,-0.2160914136,0.02338163755
78.1,-0.08364620218,0.0643210319,-0.327986869,-0.1768958273,-0.03601720483,-0.2771360279,0.261112791,-0.1259185923,0.4518407343,1.95194387,9.202818794,0.1731592658,0.05337547058,0.08003258918,0.0008695492581,0.002200116962,0.0006717181695,-0.01366495896,-0.2214327744,0.02460960234
78.2,-0.08665279147,0.03578810959,-0.2999948309,-0.1884630657,-0.02430631219,-0.2927036518,0.2981290751,-0.1052186078,0.4520159808,1.952175317,9.203772076,0.1729840192,0.05352456954,0.08702890618,0.001036533194,0.001296389553,0.0004949264618,-0.03596676148,-0.2241598953,0.02577063329
78.3,-0.0885497265,0.005949708097,-0.2684878121,-0.1979019475,-0.01386120371,-0.3031924776,0.3313441027,-0.08339108674,0.4521908685,1.952309348,9.204889295,0.1728091316,0.05356918952,0.09264272918,0.001195790823,0.0006235396148,0.0003031506822,-0.05840703314,-0.224190808,0.02683644996
78.4,-0.08947364796,-0.0246720854,-0.2338656637,-0.2051118463,-0.004872331854,-0.3083358937,0.3603711613,-0.06068088089,0.4523656671,1.952368224,9.206157716,0.172634333,0.05353420123,0.09628937589,0.001337219292,0.0001758814544,0.0001126855355,-0.0807132221,-0.2214716602,0.02778216025
78.5,-0.08957693355,-0.05553387471,-0.1965644995,-0.2100172677,0.002536642982,-0.3079751627,0.3848723917,-0.03734531797,0.4525403185,1.952379347,9.207554371,0.1724596815,0.05344515877,0.09757651131,0.00145058741,-6.784731455e-05,-6.110282569e-05,-0.1026088365,-0.2159776485,0.028587459
78.6,-0.08902086868,-0.08608194955,-0.1570516127,-0.2125689548,0.008311471028,-0.3020631499,0.4045626734,-0.01365131903,0.4527145449,1.952404674,9.209046358,0.1722854551,0.05332647698,0.09634104255,0.001526412959,-0.0001413588896,-0.0002053732677,-0.1238163902,-0.2077138041,0.02923776145
78.7,-0.08796867164,-0.1157635258,-0.1158200282,-0.2127446932,0.01246759436,-0.2906654919,0.419213022,0.01012772519,0.4528879796,1.952443132,9.210592057,0.1721120205,0.05319979664,0.09266222188,0.001556905556,-8.680985401e-05,-0.0003111313646,-0.1440604183,-0.1967156198,0.02972521961
78.8,-0.08657860797,-0.1440379732,-0.07338274031,-0.2105497931,0.01508809223,-0.2739591824,0.4286534578,0.03371528139,0.4530603036,1.952481669,9.212143293,0.1719396965,0.05308267009,0.08684990565,0.001536885474,4.977511705e-05,-0.0003740977349,-0.1630705484,-0.1830495033,0.03004956221
78.9,-0.0849974242,-0.1703877746,-0.030266693,-0.2060172305,0.01631936392,-0.2522286215,0.4327753053,0.05683515975,0.4532313706,1.95253398,9.213648355,0.1717686294,0.05298768228,0.07940953242,0.001464579353,0.00022329268,-0.0003949932523,-0.1805846059,-0.1668130358,0.0302186944
79,-0.08335432077,-0.194328967,0.01299344051,-0.1992074339,0.01636469259,-0.225859234,0.4315328831,0.07921510782,0.4534013051,1.952603999,9.215055711,0.1715986949,0.05292209232,0.07098780271,0.001342194382,0.0003941753737,-0.0003791801163,-0.1963517358,-0.1481350108,0.0302489928
79.1,-0.08175566612,-0.2154208298,0.05586161487,-0.1902077081,0.01547589863,-0.1953288277,0.4249445483,0.100590456,0.4535705614,1.952686624,9.216318155,0.1714294386,0.052888039,0.06230500864,0.001176184542,0.0005324377726,-0.0003356785617,-0.2101355155,-0.1271752258,0.03016523645
79.2,-0.08028062991,-0.2332746051,0.09780684052,-0.1791312942,0.01394335077,-0.1611969138,0.4130930625,0.1207077542,0.4537399378,1.952775392,9.21739703,0.1712600623,0.05288330408,0.05408126874,0.0009771453825,0.000620784017,-0.0002756618972,-0.221717033,-0.104123993,0.03000012431
79.3,-0.0789778843,-0.2475610596,0.138309613,-0.1661160681,0.01208465373,-0.1240922631,0.3961252488,0.1393283367,0.4539105427,1.952863975,9.218266149,0.1710894574,0.05290257134,0.04696443967,0.0007593063072,0.0006564610413,-0.0002106069555,-0.2308979016,-0.0792013401,0.02979334661
79.4,-0.07786348765,-0.2580167262,0.1768682716,-0.1513228897,0.01023237321,-0.08469901395,0.3742509172,0.1562317497,0.4540837177,1.952947603,9.218915013,0.1709162824,0.0529390648,0.04146715762,0.0005396283746,0.0006516276073,-0.0001503328035,-0.2375031769,-0.05265586664,0.02959019966
79.5,-0.07692002763,-0.2644486988,0.2130052131,-0.1349336182,0.008721189385,-0.04374168076,0.3477410415,0.171218977,0.4542609252,1.953024242,9.219350941,0.1707390748,0.05298640039,0.03791935527,0.0003365576685,0.000632123233,-0.000101189502,-0.2413841414,-0.02476322693,0.02943976056
79.6,-0.07609706062,-0.266737889,0.2462728855,-0.1171488178,0.007874889171,-0.001969434584,0.3169251792,0.1841154011,0.4544436142,1.953095419,9.219599825,0.1705563858,0.05304044849,0.03644083616,0.0001685246768,0.0006346568995,-6.465560762e-05,-0.2424209177,0.004175786985,0.02939266927
79.7,-0.07531284245,-0.2648406892,0.2762594859,-0.09818518346,0.007993614018,0.03985995601,0.2821881334,0.1947734377,0.4546330773,1.953166571,9.219705301,0.1703669227,0.05310098632,0.03693626846,5.231439832e-05,0.0007025833731,-3.656653314e-05,-0.2405248689,0.03383758387,0.02949859732
79.8,-0.07445730449,-0.2587890305,0.3025942867,-0.07827272102,0.009341774093,0.08099613446,0.2439658684,0.2030747907,0.4548303165,1.953246884,9.219726291,0.1701696835,0.05317292162,0.03911253259,1.455740329e-06,0.0008805826965,-7.128551857e-06,-0.2356407433,0.06387854774,0.02980351438
79.9,-0.07339618852,-0.2486888572,0.3249525173,-0.05765172373,0.01213702127,0.1207117319,0.2027406996,0.2089322756,0.4550359297,1.953351447,9.219733008,0.1699640704,0.0532668967,0.04251598746,2.478881718e-05,0.001208691679,3.821818084e-05,-0.2277485199,0.09393825422,0.03034689197
80,-0.0719762161,-0.2347170811,0.3430597299,-0.03656958932,0.01654064312,0.1583171418,0.1590357903,0.2122911705,0.4552500314,1.953503526,9.219801688,0.1697499686,0.05339913269,0.0465851647,0.000125362922,0.001716240366,0.0001171296755,-0.2168649102,0.1236431255,0.03115900587
80.1,-0.07003113393,-0.217117113,0.3566955816,-0.01527752717,0.0226496987,0.1931741531,0.1134090015,0.2131300621,0.4554722147,1.953726297,9.220008427,0.1695277853,0.05359044546,0.05071287477,0.0002997957453,0.002416307884,0.0002480305392,-0.2030444726,0.1526105091,0.03225851268
80.2,-0.06738844708,-0.1961931007,0.3656969718,0.005972792818,0.03049116602,0.2247081343,0.06644615124,0.2114611608,0.4557015572,1.954044871,9.220422666,0.1692984428,0.05386445169,0.05431086954,0.0005381871519,0.003301319852,0.000447373949,-0.1863802998,0.1804531558,0.03365047879
80.3,-0.06387662782,-0.1723030318,0.3699604791,0.02693259582,0.04001831125,0.2524185058,0.018753754,0.2073300741,0.4559366704,1.954483875,9.221100874,0.1690633297,0.05424507686,0.05687012771,0.0008246315098,0.004340357094,0.0007268063552,-0.1670042389,0.2067840564,0.0353250309
80.4,-0.05933257024,-0.1458508852,0.3694440492,0.04735930764,0.05110942401,0.275887284,-0.02904867823,0.2008150335,0.456175786,1.955064459,9.222081046,0.168824214,0.05475356819,0.05801050518,0.00113831568,0.005478631513,0.001090592085,-0.1450866127,0.2312215897,0.03725677437
80.5,-0.05360904953,-0.1172780299,0.3641678948,0.06701975613,0.06356899204,0.294785537,-0.07633668,0.1920255864,0.4564168697,1.955801144,9.223378564,0.1685831304,0.05540529365,0.05751482972,0.001455130876,0.006639414813,0.001533650317,-0.1208354127,0.2533949175,0.0394050906
80.6,-0.04658194168,-0.08705408886,0.3542145784,0.08569321571,0.07713131522,0.3088776451,-0.1224891181,0.1811007709,0.4566577496,1.956698832,9.224983873,0.1683422505,0.05620666342,0.05534435609,0.001749671726,0.007728490682,0.002040511372,-0.09449494341,0.2729495534,0.04171537652
80.7,-0.03815696242,-0.05566748786,0.3397282587,0.1031742448,0.09146648519,0.3180233234,-0.166896606,0.1682068057,0.4568962485,1.957750338,9.226862285,0.1681037515,0.05715253495,0.05163461942,0.001997451013,0.008640958244,0.002585413754,-0.06634390503,0.2895530204,0.04412123269
80.8,-0.02827569587,-0.02361591369,0.3209130944,0.1192752697,0.1061885844,0.3221774178,-0.2089699277,0.1535343363,0.4571303057,1.958934767,9.228956016,0.1678696944,0.05822445061,0.04667288973,0.002177128743,0.009269965832,0.003133645631,-0.036692909,0.302900505,0.04654754275
80.9,-0.01692070082,0.008603098393,0.2980308106,0.133828873,0.1208658905,0.3213875469,-0.2481483446,0.1372952893,0.4573580786,1.960217041,9.231188378,0.1676419214,0.05939000684,0.04086039904,0.0022725434,0.009516723721,0.003644096295,-0.005881433077,0.3127204046,0.04891432135
81,-0.004119507726,0.04050123882,0.2713974449,0.1466897502,0.135032809,0.3157897146,-0.2839076571,0.1197193922,0.4575780182,1.961548757,9.23346981,0.1674219818,0.06060356642,0.03466406996,0.002274343228,0.009300957006,0.004072839544,0.02572576876,0.3187796635,0.05114114452
81.1,0.01005265046,0.07160796485,0.2413793057,0.1577363046,0.1482032031,0.3056020702,-0.3157678898,0.1010504286,0.4577889128,1.962870469,9.235705273,0.1672110873,0.06180840824,0.02856346009,0.002181046171,0.008570837816,0.004377438118,0.05774277484,0.320888786,0.05315192053
81.2,0.02547149472,0.1014783341,0.2083881864,0.166871857,0.1598847436,0.2911170358,-0.3433004722,0.08154229749,0.4579899022,1.964115358,9.237802366,0.1670100978,0.06294027039,0.02299895416,0.001999406244,0.007311397086,0.004521552131,0.08976708483,0.3189064165,0.054879716
81.3,0.04196382535,0.1296999797,0.1728758911,0.174025455,0.1695938671,0.2726920582,-0.3661347895,0.06145495688,0.4581804663,1.965214066,9.23967943,0.1668195337,0.06393209599,0.01832686978,0.001744027402,0.005550470871,0.004479368493,0.1213846406,0.312743377,0.05627132543
81.4,0.05930915559,0.1558991037,0.1353281424,0.1791522744,0.1768709092,0.2507392721,-0.3839639843,0.04105032717,0.4583603939,1.966100391,9.241272895,0.1666396062,0.06471965099,0.0147861531,0.001436237312,0.003361386828,0.004239352275,0.1521752195,0.3023660589,0.05729126549
81.5,0.07724284872,0.1797453951,0.0962579511,0.1822336117,0.1812949658,0.2257143814,-0.3965499003,0.02058823586,0.4585297422,1.966717385,9.242543161,0.1664702579,0.06524756446,0.01247985649,0.001102306032,0.000861835584,0.003806859357,0.1817181299,0.2877990694,0.05792489153
81.6,0.09546070931,0.2009558104,0.05619853813,0.183276477,0.1824980431,0.198105079,-0.4037270688,0.0003224803293,0.4586887951,1.96714357,9.243478435,0.166311205,0.06547525794,0.01137279592,0.0007711609048,-0.001791317352,0.003205241149,0.2095981311,0.2691270485,0.05818037242
81.7,0.113624936,0.2192971861,0.01569590969,0.1823128012,0.1801780669,0.1684193239,-0.4054056543,-0.01950291609,0.4588380293,1.967739689,9.244096108,0.1661619707,0.06538219298,0.0113048925,0.0004718022832,-0.004411165662,0.002475209356,0.2354114901,0.246495579,0.05808932007
81.8,0.1313713012,0.2345876853,-0.0246988074,0.1793982829,0.1741103538,0.1371737924,-0.4015732898,-0.03865718498,0.4589780945,1.968510488,9.244441501,0.1660219055,0.06497188155,0.01201793153,0.0002306590976,-0.006793355457,0.001672398957,0.258772081,0.2201111307,0.05770594989
81.9,0.1483173863,0.2466971102,-0.06443715607,0.1746109018,0.1641571839,0.1048828,-0.3922957517,-0.05692596724,0.4591098099,1.969417798,9.244584045,0.1658901902,0.06427417503,0.01319202264,6.913489551e-05,-0.008731296635,0.0008632538903,0.2793174292,0.190239997,0.05710474134
82,0.1640716657,0.2555461421,-0.1029811475,0.1680491356,0.1502751661,0.0720479701,-0.3777164418,-0.07411408551,0.4592341782,1.970410332,9.24461119,0.1657658219,0.06334547082,0.01448707402,1.582026656e-06,-0.01003285147,0.0001195429891,0.2967145974,0.1572061973,0.05637667039
82.1,0.1782432064,0.2611045963,-0.1398109476,0.1598299213,0.1325201475,0.03914889256,-0.3580546653,-0.09004788833,0.4593524123,1.971467993,9.244620602,0.1656475877,0.06226664204,0.01558420119,3.390490676e-05,-0.01053714585,-0.0004880262511,0.3106658106,0.1213883423,0.05562418776
82.2,0.1904517277,0.2633888006,-0.1744323314,0.1500864043,0.1110494818,0.006634977611,-0.3336027158,-0.10457713,0.4594659672,1.97258039,9.244711335,0.1655340328,0.06113869224,0.01622220529,0.0001629359336,-0.01013004642,-0.0008965096498,0.3209137151,0.08321547928,0.05495521428
82.3,0.2003377515,0.2624582259,-0.2063837875,0.1389655243,0.08612154978,-0.025081331,-0.3047217964,-0.117576361,0.4595765684,1.97363274,9.244974791,0.1654234317,0.0600763461,0.01622503403,0.0003766550279,-0.008756872317,-0.001057094265,0.3272461739,0.04316195263,0.05447650626
82.4,0.2075725646,0.2584115115,-0.2352431585,0.126625487,0.05809249707,-0.05562986747,-0.2718368319,-0.1289458149,0.4596862255,1.974502082,9.245486335,0.1653137745,0.05919998903,0.01551737472,0.0006552429378,-0.006431067775,-0.000940483574,0.3295005002,0.001741342092,0.05428680595
82.5,0.2118677179,0.251382036,-0.2606337104,0.1132331728,0.02741023426,-0.08468651179,-0.2354302446,-0.1386117907,0.4597972227,1.975068591,9.246298334,0.1652027774,0.05862654459,0.01412706181,0.0009728773485,-0.003237843709,-0.0005407191973,0.3275670423,-0.04050044425,0.0544702266
82.6,0.2129837927,0.2415331891,-0.2822295312,0.09896153139,-0.00539417816,-0.1119753958,-0.1960347857,-0.1465265382,0.4599120755,1.975237704,9.247435299,0.1650879246,0.05846000913,0.01217462399,0.001300107609,0.0006678172242,0.0001230112784,0.32139204,-0.08299282167,0.05509032592
82.7,0.2107381841,0.2290535006,-0.2997601704,0.08398701278,-0.03971756387,-0.137269578,-0.1542255365,-0.1526676691,0.4600334517,1.97557636,9.24889161,0.1649665483,0.05878243546,0.009851846286,0.001606585942,0.005068937751,0.001006849548,0.3109796825,-0.1251488082,0.05618529357
82.8,0.2050116687,0.2141517746,-0.313014442,0.06848707898,-0.07489781805,-0.1603902644,-0.1106112045,-0.1570371224,0.4601640536,1.976465718,9.25063203,0.1648359465,0.05964616009,0.007392499922,0.00186389636,0.009699756346,0.002045078776,0.2963933132,-0.1663737986,0.0577646185
82.9,0.1957535616,0.1970523705,-0.3218433278,0.05263784008,-0.1102289198,-0.1812046959,-0.06582485716,-0.1596597269,0.4603064667,1.977925508,9.252594994,0.1646935333,0.06106799983,0.005039247697,0.002048210973,0.0142635365,0.003155098276,0.2777557382,-0.2060746859,0.05980751314
83,0.1829852947,0.1779907539,-0.3261619327,0.03661185221,-0.1449773882,-0.1996228612,-0.02051424791,-0.1605814075,0.4604629844,1.979936281,9.254698355,0.1645370156,0.06302600635,0.003011073167,0.002142518466,0.0184537088,0.004244167877,0.2552486118,-0.2436691732,0.06226325988
83.1,0.1668022962,0.1572094288,-0.3259504584,0.02057611034,-0.1783997575,-0.215593227,0.0246681058,-0.1598670916,0.4606354196,1.982438936,9.256847055,0.1643645804,0.065459171,0.001475377281,0.002138209742,0.02197674298,0.005217343218,0.2291108879,-0.2785951111,0.06505351743
83.2,0.1473740894,0.1349543359,-0.3212541796,0.004690262931,-0.2097606154,-0.2290977008,0.06907492317,-0.1575983771,0.4608249221,1.98533737,9.258941994,0.164175078,0.06827023375,0.0005281731488,0.002035867433,0.02457493852,0.005985889449,0.199636344,-0.3103196914,0.06807649035
83.3,0.1249425801,0.1114717835,-0.3121824237,-0.01089493104,-0.238350729,-0.2401460635,0.1120740704,-0.1538710266,0.4610318166,1.988504164,9.260889251,0.1639681835,0.07133148927,0.0001846855893,0.001845182944,0.02604726583,0.006475393961,0.1671701997,-0.3383483267,0.07121273292
83.4,0.0998185468,0.08700595144,-0.2989065703,-0.0260388884,-0.2635047777,-0.248770115,0.1530582116,-0.1487923532,0.4612554818,1.991788936,9.262608791,0.1637445182,0.07449322297,0.0003812728845,0.001584009399,0.02626649333,0.006632807097,0.1321048696,-0.3622330505,0.07433223971
83.5,0.07237639652,0.06179698486,-0.2816571061,-0.0406122243,-0.2846182203,-0.2550177804,0.1914540362,-0.1424785673,0.4614942834,1.995028785,9.264041826,0.1635057166,0.07759417447,0.0009881099972,0.001276642844,0.02519109637,0.006431724036,0.09487490783,-0.3815802755,0.07730237739
83.6,0.0430472972,0.03607966866,-0.2607197846,-0.05449750996,-0.3011628422,-0.2589474165,0.2267309049,-0.1350521477,0.4617455746,1.998060028,9.265156135,0.1632544255,0.0804732363,0.001830690011,0.0009514989403,0.02287083943,0.005875374273,0.05595121414,-0.3960577621,0.07999614466
83.7,0.01231083826,0.01008265228,-0.2364309562,-0.06758977147,-0.3127005633,-0.2606225453,0.2584087687,-0.1266393002,0.4620057692,2.000730332,9.265948858,0.1629942309,0.08298147095,0.002717084768,0.0006384107434,0.01944542481,0.004996993134,0.01583458902,-0.4054006579,0.08230021383
83.8,-0.01931458661,-0.01597182899,-0.2091721486,-0.07979674128,-0.3188951331,-0.2601072178,0.2860652282,-0.1173675612,0.4622704895,2.002910246,9.266446498,0.1627295105,0.08499348125,0.003467193014,0.0003658091033,0.01513616313,0.003857492953,-0.02495126375,-0.4094164887,0.08412221338
83.9,-0.05128244684,-0.04186780809,-0.1793639895,-0.09103887941,-0.3195213912,-0.2574621844,0.3093416152,-0.1073635981,0.4625347813,2.004503223,9.266702164,0.1624652187,0.08641720343,0.003939980566,0.0001580573931,0.01023119817,0.002540606129,-0.06586717693,-0.4079889989,0.08539675412
84,-0.08302953591,-0.06739510368,-0.1474595732,-0.1012491864,-0.314471839,-0.2527420138,0.3279479994,-0.09675124895,0.4627933841,2.005453283,9.266790332,0.1622066159,0.08720130763,0.004055006787,3.319556645e-05,0.005065358075,0.0011459134,-0.1063662827,-0.4010807617,0.08608978175
84.1,-0.113987947,-0.09234860137,-0.1139373848,-0.1103728338,-0.3037603389,-0.2459932631,0.3416670409,-0.085649839,0.4630410398,2.005753332,9.266799646,0.1619589603,0.08733957712,0.003805296318,1.306904348e-06,-3.83969765e-06,-0.0002196256024,-0.1459019725,-0.3887345,0.08620094852
84.2,-0.1435972699,-0.1165274073,-0.07929389863,-0.118366641,-0.2875228319,-0.2372537608,0.3503566326,-0.07417279854,0.4632728169,2.006074867,9.266824459,0.1617271832,0.08687188023,0.003259756969,6.365846384e-05,-0.004622171855,-0.001450876379,-0.1839359232,-0.3710730873,0.08576383
84.3,-0.1713167098,-0.1397339866,-0.04403597463,-0.1251984301,-0.2660150469,-0.2265530197,0.3539512975,-0.06242660032,0.4634844282,2.006934382,9.266955946,0.1615155718,0.08588162635,0.002554719988,0.0002126895714,-0.008464647681,-0.002453631263,-0.2199460567,-0.3482982201,0.08484395899
84.4,-0.196636827,-0.1617733986,-0.008673177778,-0.1308462908,-0.2396072525,-0.2139137536,0.3524623305,-0.05051002255,0.4636725173,2.008213367,9.267273616,0.1613274827,0.08448988529,0.001875614529,0.0004328394659,-0.01125936339,-0.003152777926,-0.253434301,-0.3206877788,0.0835347982
84.5,-0.219090611,-0.1824527363,0.02628985422,-0.1352977868,-0.2087761837,-0.1993544266,0.3459766963,-0.03851373488,0.4638348918,2.009763352,9.26783805,0.1611651083,0.0828466231,0.001431103376,0.000702123739,-0.01280739927,-0.003498789213,-0.2839340238,-0.2885919222,0.08195191371
84.6,-0.2382636127,-0.2015808677,0.06036087218,-0.1385491383,-0.1740943482,-0.1828927253,0.3346547176,-0.0265201949,0.4639706871,2.01141676,9.268685513,0.1610293129,0.0811197427,0.00142303522,0.0009942976399,-0.01299720876,-0.003471945284,-0.3110170147,-0.2524279805,0.08022573438
84.7,-0.2538028878,-0.2189685648,0.09306718737,-0.1406044069,-0.1362169893,-0.164549804,0.3187266105,-0.01460383388,0.4640804477,2.012999181,9.269824941,0.1609195524,0.07948279421,0.002016178446,0.001281389608,-0.01181239933,-0.003083911252,-0.3342999001,-0.212674239,0.07849337758
84.8,-0.2654245341,-0.2344290881,0.1239624423,-0.1414747138,-0.09586704261,-0.1443551223,0.2984879426,-0.002831502402,0.4641661186,2.014342073,9.271237545,0.1608338814,0.07810232298,0.003311811545,0.001536355795,-0.009332344464,-0.002376540541,-0.3534498858,-0.1698627218,0.07689008303
84.9,-0.2729196387,-0.2477792759,0.1526328775,-0.1411775131,-0.05381847718,-0.1223516693,0.2742941088,0.008736860371,0.4642309509,2.015294924,9.272879016,0.1607690492,0.07712584424,0.005328836261,0.001735598767,-0.005725647096,-0.001418032116,-0.3681897335,-0.1245711052,0.07554082003
85,-0.2761584979,-0.2588411659,0.1787030013,-0.1397359422,-0.01087845262,-0.09860134427,0.2465539364,0.02004737586,0.4642793257,2.01573591,9.274684085,0.1607206743,0.07667137148,0.007995195705,0.001861111369,-0.001237047317,-0.0002968132616,-0.3783018902,-0.07741390678,0.07455261656
85.1,-0.2750930115,-0.2674441535,0.2018405812,-0.1371782641,0.03213124486,-0.07319025875,0.2157225429,0.03105124007,0.4643165125,2.01592999,9.276572956,0.1606834875,0.07681928756,0.01115112415,0.001902047755,0.003831117513,0.0008862745038,-0.3836317084,-0.02903310715,0.07400810451
85.2,-0.2697572054,-0.2734276649,0.2217608906,-0.1335374125,0.07439300878,-0.04623371348,0.1822935834,0.0417036517,0.464348377,2.016724486,9.278458956,0.160651623,0.07760714583,0.0145642784,0.001855583197,0.009141377508,0.00202676005,-0.3840897053,0.01991162866,0.07396068732
85.3,-0.2602658815,-0.2766443029,0.2382301539,-0.1288506477,0.1151119774,-0.01788061356,0.1467910312,0.05196270498,0.4643810613,2.018155331,9.280256665,0.1606189388,0.07902774262,0.01795528194,0.001726996368,0.01434571609,0.003025493486,-0.3796528323,0.06875295673,0.07443162106
85.4,-0.2468114425,-0.2769633959,0.2510681543,-0.1231593211,0.1535338835,0.01168290586,0.1097606404,0.06178829745,0.4644206562,2.02017643,9.281889739,0.1605793439,0.08103053336,0.02103084014,0.001528984714,0.019110347,0.003796958082,-0.3703647401,0.1168259121,0.07540916721
85.5,-0.2296589873,-0.2742748615,0.2601499769,-0.1165087476,0.188961736,0.04223084956,0.07176124219,0.07114110142,0.4644728875,2.022702419,9.283297696,0.1605271125,0.0835261967,0.02352052928,0.001280297673,0.02313878805,0.004276213144,-0.3563350417,0.163477845,0.07684983389
85.6,-0.2091398131,-0.2684932759,0.2654068802,-0.1089481751,0.2207709171,0.07349590724,0.03335602516,0.07998164406,0.4645428339,2.025615742,9.284441055,0.1604571661,0.08639390683,0.02521276208,0.001003836431,0.02619152717,0.004423879958,-0.3377375961,0.208078067,0.07868158289
85.7,-0.1856435039,-0.2595620234,0.2668263005,-0.1005308388,0.2484223202,0.1051693186,-0.004896054858,0.08826953706,0.4646346909,2.02877584,9.285304388,0.1603653091,0.08949067366,0.02598536999,0.0007244165765,0.02810089966,0.00422877715,-0.3148078474,0.2500270456,0.08080875215
85.8,-0.159608816,-0.2474573893,0.2644510101,-0.09131408359,0.2714732144,0.1369021645,-0.04244859413,0.09596289032,0.464751592,2.032029697,9.285897058,0.160248408,0.09266196995,0.02582673928,0.0004664170479,0.02878022102,0.003708038108,-0.2878392742,0.2887649997,0.0831183364
85.9,-0.1315136016,-0.232192449,0.2583774619,-0.08135953528,0.2895855801,0.1683081459,-0.07877565966,0.1030179378,0.4648954908,2.035222866,9.286251649,0.1601045093,0.09575279262,0.02484444637,0.000251543037,0.02822670745,0.002904778879,-0.2571790148,0.3237797587,0.0854871889
86,-0.1018640332,-0.2138206049,0.248753368,-0.07073329686,0.3025317348,0.1989678656,-0.1133791874,0.1093888956,0.4650671067,2.038210134,9.286420293,0.1599328933,0.09861830681,0.02325974895,9.691227425e-05,0.02651822266,0.001883607132,-0.2232227483,0.3546137682,0.08778965999
86.1,-0.07118340573,-0.1924386201,0.2357745684,-0.05950614736,0.3101971391,0.22843458,-0.145795754,0.1150280643,0.4652659295,2.040865046,9.286469335,0.1597340706,0.1011332919,0.02138794309,1.36358363e-05,0.02380437135,0.0007244504276,-0.1864089222,0.3808701411,0.08990517532
86.2,-0.04000080121,-0.1681890076,0.2196812581,-0.04775371802,0.3125803536,0.2562413366,-0.1756026307,0.119886179,0.4654902768,2.043107042,9.28647286,0.1595097232,0.1031997397,0.01960630109,6.010771905e-06,0.02029287748,-0.0004846818955,-0.1472124256,0.4022176744,0.09172527792
86.3,-0.008839897594,-0.1412616409,0.2007536472,-0.03555662109,0.309790192,0.2819093699,-0.2024230445,0.1239130018,0.4657373967,2.045044452,9.286505759,0.1592626033,0.1047521327,0.01831285833,7.137833146e-05,0.01623250612,-0.00165531578,-0.1061378157,0.4183947726,0.09315971084
86.4,0.02179180148,-0.1118944699,0.1793071382,-0.02300050801,0.3020401922,0.3049575786,-0.2259305883,0.1270581425,0.4660036056,2.046671313,9.286636973,0.1589963944,0.1057601364,0.0178805303,0.0002006350989,0.01189399064,-0.002705815553,-0.06371220784,0.4292122399,0.09414119615
86.5,0.05141305806,-0.08037324342,0.1556871055,-0.01017603475,0.2896405988,0.3249128701,-0.245852739,0.1292720872,0.4662844527,2.04795796,9.286923549,0.1587155473,0.1062286569,0.01861176238,0.0003793216353,0.007550499386,-0.003567740344,-0.02047794346,0.4345549253,0.09462866462
86.6,0.07957807545,-0.04703016419,0.1302633694,0.002821284691,0.2729881146,0.3413211212,-0.2619734601,0.1305074036,0.4665749031,2.048895413,9.287406023,0.158425097,0.106195421,0.02069904614,0.0005891604927,0.003459120711,-0.004190738318,0.02301484876,0.4343822264,0.09460880092
86.7,0.1058845504,-0.01224142864,0.1034244557,0.01589135286,0.2525537364,0.3537584767,-0.2741348826,0.1307200894,0.4668695327,2.049495436,9.288105497,0.1581304673,0.1057264188,0.02419614638,0.0008098775597,-0.0001553265246,-0.004545623656,0.06621568639,0.4287274774,0.09409588349
86.8,0.1299804279,0.02357636761,0.07557173277,0.02892990371,0.2288690397,0.3618426841,-0.2822380738,0.1298710223,0.4671627308,2.050125759,9.2890226,0.1578372692,0.1049096907,0.02900381415,0.001021120844,-0.003113116451,-0.004625467286,0.1085810514,0.4176962657,0.09313000754
86.9,0.1515692238,0.05997094665,0.0471135169,0.04182906555,0.2025113116,0.3652441536,-0.2862429182,0.1279274657,0.4674489047,2.051008295,9.290138343,0.1575510953,0.1038480313,0.03487222224,0.001204290232,-0.005288365549,-0.004444724674,0.149581489,0.4014637395,0.09177387799
87,0.1704138202,0.0964601441,0.01845923191,0.05447807556,0.1740879584,0.3636964243,-0.2861671517,0.1248645836,0.4677226859,2.052036374,9.29141668,0.1572773141,0.1026512264,0.04142051657,0.001344109689,-0.006613366011,-0.004036603418,0.1887083899,0.3802709838,0.09010843878
87.1,0.1863386846,0.132538709,-0.009986294186,0.06676414407,0.1442206282,0.3570057273,-0.2820845969,0.1206669147,0.4679791334,2.053103575,9.292808463,0.1570208666,0.1014284218,0.04817193581,0.001429807074,-0.00707852794,-0.003449023069,0.2254803674,0.3544205549,0.08822766289
87.2,0.1992305041,0.1676860022,-0.03782831881,0.07857346218,0.1135294875,0.3450593465,-0.2741226658,0.1153297571,0.4682139321,2.054110587,9.294256336,0.1567860679,0.1002811653,0.05460113123,0.001455812177,-0.006728291666,-0.002739626425,0.2594491497,0.3242712743,0.08623286029
87.3,0.2090372743,0.2013744592,-0.06468739079,0.08979234146,0.08261808091,0.3278325035,-0.2624591961,0.1088604153,0.4684235805,2.054970976,9.29570007,0.1565764196,0.09929756375,0.0601888318,0.0014219354,-0.005653651631,-0.001970357501,0.2902049198,0.2902323916,0.0842268683
87.4,0.2157659191,0.2330786577,-0.09020421005,0.1003084695,0.05205917805,0.3053935247,-0.2473187028,0.1012792664,0.4686055632,2.055615507,9.29708182,0.1563944369,0.09854787008,0.06447802211,0.001333042266,-0.003982138357,-0.001202123985,0.3173810439,0.2527572301,0.08230847218
87.5,0.2194785609,0.2622848067,-0.1140440865,0.1100122615,0.02238197656,0.2779070845,-0.228968124,0.09262060369,0.4687584994,2.055994883,9.298350832,0.1562415007,0.09808167939,0.06712545545,0.001198287072,-0.001866224019,-0.0004900144299,0.3406581442,0.2123364314,0.08056736565
87.6,0.2202875926,0.2885004578,-0.1359009519,0.1187982832,-0.005939013991,0.245635369,-0.2077121487,0.08293322454,0.4688822585,2.05609486,9.299467199,0.1561177415,0.09792677001,0.06794266515,0.001030007993,0.0005288521873,0.0001205492857,0.3597674807,0.169490918,0.07907990573
87.7,0.2183497327,0.3112642232,-0.1555008869,0.1265667195,-0.03249313821,0.2089370508,-0.1838882113,0.07228073302,0.4689780328,2.056309955,9.300404403,0.1560219672,0.09808949985,0.0669216387,0.0008424121528,0.003036894964,0.0005964636272,0.3744936197,0.1247646871,0.07790584916
87.8,0.2138592713,0.3301552799,-0.1726051351,0.1332248569,-0.05694060201,0.1682640233,-0.1578612388,0.06074153755,0.469048357,2.056814907,9.301150491,0.1559516431,0.09855655989,0.06424188489,0.0006501908791,0.005501378989,0.0009182744202,0.3846763782,0.0787175461,0.07708618402
87.9,0.2070407288,0.3448024354,-0.1870125819,0.1386885512,-0.07901717869,0.1241558995,-0.1300182342,0.04840853046,0.4690970655,2.05758246,9.301707885,0.1559029345,0.09929780751,0.0602575875,0.0004672020188,0.007784245216,0.001080199247,0.3902120436,0.03191789555,0.07664209551
88,0.1981411629,0.3548925335,-0.1985616878,0.142883646,-0.0985365416,0.07723233844,-0.1007627746,0.0353884452,0.4691291829,2.058572824,9.302091969,0.1558708171,0.1002698543,0.0554656914,0.0003053393169,0.009772431737,0.001088976922,0.3910538769,-0.01506434652,0.0765750346
88.1,0.1874223608,0.3601779891,-0.2071318701,0.1457473118,-0.1153902222,0.02818332167,-0.07050949989,0.02180089564,0.4691507424,2.059737543,9.302328669,0.1558492576,0.1014200669,0.05045786964,0.0001736809708,0.0113819251,0.0009617786327,0.3872119208,-0.06166459076,0.07686779667
88.2,0.1751531522,0.3604832555,-0.2126443353,0.1472292727,-0.1295452626,-0.02224244475,-0.03967865922,0.007777110185,0.4691685369,2.06102342,9.302451354,0.1558314632,0.1026906517,0.04586114189,7.797430475e-05,0.01255933184,0.0007234812613,0.3787521361,-0.1073301172,0.07748646735
88.3,0.161602067,0.355710047,-0.2150623727,0.1472928932,-0.1410396985,-0.07325077246,-0.008690778961,-0.006541618166,0.4691898087,2.062376169,9.302497391,0.1558101913,0.1040225321,0.04227324642,2.047524543e-05,0.01328115975,0.0004036323113,0.3657949038,-0.1515262452,0.07838305731
88.4,0.147030544,0.3458411672,-0.2143911223,0.1459160958,-0.149976072,-0.1240166025,0.02203849376,-0.02100573726,0.4692218926,2.063743614,9.302504719,0.1557781075,0.1053587824,0.04019955795,1.241994932e-07,0.01355115046,3.342811459e-05,0.3485129293,-0.1937420781,0.07949862736
88.5,0.1316868785,0.3309428198,-0.2106768382,0.1430920877,-0.1565132283,-0.1736996707,0.05210332318,-0.03545946116,0.469271828,2.065110784,9.302508742,0.1557281721,0.1066474472,0.03999830396,1.300787978e-05,0.01339611264,-0.0003570132236,0.3271285969,-0.2334957802,0.08076669912
88.6,0.1158010613,0.3111653149,-0.204005672,0.1388298754,-0.1608567,-0.2214608797,0.08111235174,-0.04974297403,0.4693459656,2.066481623,9.302539797,0.1556540345,0.1078436457,0.04184005819,5.303262769e-05,0.01286076394,-0.0007408678069,0.30191082,-0.2703393532,0.08211675454
88.7,0.09958063769,0.2867421185,-0.1945020038,0.1331545511,-0.1632480173,-0.2664790044,0.1086930676,-0.06369476632,0.4694495908,2.067819368,9.302621368,0.1555504092,0.1089109284,0.04568605659,0.0001127207661,0.01200210203,-0.001096174959,0.2731714406,-0.3038628911,0.08347764626
88.8,0.08320767285,0.2579872299,-0.1823263527,0.1261073425,-0.1639533138,-0.3079673483,0.134495845,-0.07715405362,0.4695865919,2.069091123,9.302769112,0.1554134081,0.1098219096,0.05128793571,0.0001840381652,0.01088379585,-0.001406708598,0.2412612295,-0.3336983003,0.08478076824
88.9,0.06683687621,0.2252909136,-0.167672901,0.1177454171,-0.1632516115,-0.3451899577,0.1581976352,-0.08996322613,0.4697591958,2.070269149,9.302990705,0.1552408043,0.1105582525,0.05820924379,0.0002591679534,0.009571024759,-0.001662180267,0.2065655412,-0.3595224814,0.08596286872
89,0.05059489727,0.1891138464,-0.1507666666,0.1081414435,-0.1614231722,-0.3774770118,0.1795052923,-0.101970276,0.4699677938,2.071331368,9.303286387,0.1550322062,0.1111101124,0.06586676088,0.0003311604983,0.0081261056,-0.001857869208,0.1694996781,-0.3810599745,0.08696842252
89.1,0.03458076689,0.149979783,-0.1318603629,0.09738291239,-0.1587382964,-0.4042390194,0.1981585201,-0.1130311508,0.470210873,2.072261423,9.303650094,0.154789127,0.1114751713,0.07358753793,0.0003944109479,0.006605145347,-0.001993821117,0.1305040164,-0.3980850777,0.08775151367
89.2,0.01886742121,0.1084668764,-0.1112309816,0.08557122843,-0.1554469316,-0.4249794794,0.2139324325,-0.123011982,0.4704850614,2.073048358,9.30407095,0.1545149386,0.1116573996,0.08067585666,0.0004449397898,0.005055849382,-0.002073780432,0.0900389453,-0.4104234512,0.08827721049
89.3,0.003504210302,0.06519782061,-0.08917614093,0.07282058734,-0.1517694204,-0.4393056963,0.2266397214,-0.1317911434,0.4707852885,2.073686033,9.304534957,0.1542147116,0.1116656842,0.08648321152,0.0004804760125,0.003516510798,-0.002104021274,0.04857967194,-0.4179532233,0.08852244068
89.4,-0.01147973725,0.02082901715,-0.06601023539,0.05925665754,-0.1478886803,-0.4469374852,0.2361324274,-0.1392610948,0.471105053,2.07417237,9.30502667,0.153894947,0.1115124471,0.09047404335,0.0005003637548,0.002016110851,-0.002092222415,0.006610939219,-0.4206056153,0.08847639405
89.5,-0.02607144979,-0.02396101546,-0.0420604292,0.04501508962,-0.1439440577,-0.4477135484,0.2423033121,-0.1453299766,0.4714367834,2.074508565,9.305530699,0.1535632166,0.1112123635,0.09228035739,0.0005053296084,0.0005753796438,-0.002046496986,-0.03537829546,-0.4183651054,0.0881404926
89.6,-0.04026952507,-0.06848374603,-0.01766253223,0.03023988011,-0.1400270434,-0.4415953639,0.2450868293,-0.149922923,0.4717722667,2.074745037,9.306032942,0.1532277333,0.1107812651,0.09173949418,0.000497157622,-0.0007913975922,-0.001974644708,-0.07690017548,-0.4112691483,0.08752797467
89.7,-0.05407921293,-0.112052995,0.006843201048,0.01508161907,-0.1361789744,-0.428668484,0.2444596943,-0.152983072,0.4721031195,2.075082096,9.306521456,0.1528968805,0.1102352923,0.08891107264,0.0004783220683,-0.002074087963,-0.001883650234,-0.1174732108,-0.3994074681,0.08666314043
89.8,-0.06750737014,-0.1539972971,0.03111630941,-0.0003043475784,-0.1323907824,-0.4091412037,0.2404410509,-0.1544722562,0.4724212684,2.07553306,9.306986966,0.1525787317,0.1095903312,0.08407130317,0.0004516246241,-0.003264216524,-0.001779412147,-0.1566274523,-0.3829209396,0.08558030239
89.9,-0.08055749263,-0.1936720006,0.05482035919,-0.01575980845,-0.1286047844,-0.3833406254,0.2330922329,-0.1543713668,0.4727194088,2.076087149,9.307423024,0.1522805913,0.1088617463,0.07768524058,0.0004198739875,-0.004352559862,-0.001666658441,-0.1939095343,-0.3620000708,0.08432247939
90,-0.09322502603,-0.2304708455,0.07762713447,-0.03112559715,-0.1247184412,-0.3517062056,0.2225161208,-0.1526803922,0.4729914117,2.076732952,9.307825889,0.1520085883,0.1080643963,0.07035986014,0.0003856339067,-0.005327103783,-0.001548988794,-0.2288875458,-0.3368830985,0.08293986533
90.1,-0.105493145,-0.2638367769,0.09922074267,-0.04624349059,-0.1205899489,-0.3147809337,0.2088560914,-0.1494181376,0.4732326519,2.077457962,9.308194184,0.1517673482,0.1072128925,0.06278284434,0.000351052155,-0.006171609312,-0.00142898256,-0.2611556923,-0.3078537034,0.08148809915
90.2,-0.1173291757,-0.2932717663,0.1193015947,-0.06095806404,-0.1160454677,-0.2732003464,0.1922945606,-0.1446216441,0.4734402374,2.078248017,9.308528432,0.1515597626,0.1063220402,0.0556534511,0.0003177702228,-0.006864982103,-0.001308322403,-0.2903387104,-0.2752383547,0.08002635933
90.3,-0.1286818123,-0.3183454362,0.1375902189,-0.07511847385,-0.110887739,-0.2276796365,0.1730511183,-0.1383453268,0.4736131287,2.079086743,9.308830535,0.1513868713,0.1054073826,0.04961263755,0.0002869031227,-0.007381575874,-0.001187903499,-0.3160959988,-0.2394032871,0.07861530716
90.4,-0.1394792533,-0.3387023129,0.1538308686,-0.08858014124,-0.1049057961,-0.178999157,0.1513802595,-0.1306598634,0.4737521419,2.079955073,9.309103255,0.1512478582,0.1044857526,0.04517965362,0.000259071961,-0.007692482958,-0.001067922374,-0.3381254281,-0.2007511175,0.07731490817
90.5,-0.1496283492,-0.3540675639,0.1677948821,-0.1012063137,-0.09788543743,-0.1279886603,0.1275687139,-0.121650864,0.4738598409,2.080830969,9.309349759,0.1511401591,0.1035757264,0.04270159654,0.0002344693517,-0.00776777796,-0.0009479624242,-0.3561667958,-0.1597171062,0.07618217021
90.6,-0.159014821,-0.3642511102,0.1792837565,-0.1128694842,-0.08962010535,-0.07551064007,0.1019323833,-0.1114173627,0.4739403311,2.081689403,9.309573221,0.1510596689,0.1026978761,0.04232101141,0.0002129392109,-0.00757958854,-0.0008271099891,-0.3700048883,-0.1167650699,0.07526884947
90.7,-0.1675045719,-0.3691500453,0.1881318958,-0.123452652,-0.07992179718,-0.02244316305,0.07481289619,-0.1000701685,0.4739989708,2.082502707,9.309776522,0.1510010293,0.1018747222,0.04396469031,0.0001940571647,-0.007105776411,-0.0007041417215,-0.379472119,-0.07238295754,0.07461919081
90.8,-0.1749460751,-0.368749327,0.1942089956,-0.1328504136,-0.06863163264,0.0303374143,0.04657379783,-0.08773011972,0.4740420251,2.083241324,9.309962013,0.1509579749,0.1011303077,0.0473545727,0.0001772044717,-0.0063339288,-0.0005778187951,-0.3844507058,-0.02707810147,0.07426778437
90.9,-0.1811737865,-0.3631207529,0.1974220304,-0.1409698759,-0.05562970889,0.08197344879,0.01759639513,-0.07452628316,0.4740762876,2.083875003,9.310131359,0.1509237124,0.1004893459,0.05203932759,0.0001616354429,-0.005265293771,-0.0004473063688,-0.3848743598,0.01862783713,0.07423763458
91,-0.1860124923,-0.3524202645,0.1977168082,-0.1477313882,-0.0408438941,0.13164235,-0.0117247148,-0.06059413938,0.474108695,2.084374404,9.310285443,0.150891305,0.09997592974,0.05744305106,0.0001465442931,-0.003918249729,-0.0003127098724,-0.3807294536,0.06420420388,0.07453854831
91.1,-0.1892824694,-0.3368836666,0.1950790644,-0.1530690939,-0.02425724055,0.1785718931,-0.04098639883,-0.04607379369,0.4741459598,2.084713078,9.310424343,0.1508540403,0.09961184174,0.06292577087,0.000131140857,-0.002330887546,-0.0001756873125,-0.3720556428,0.1091169373,0.07516595367
91.2,-0.1908053065,-0.3168208801,0.1895350669,-0.1569313056,-0.005913738526,0.2220541724,-0.06978198363,-0.03110824861,0.4741942416,2.084869699,9.310547392,0.1508057584,0.09941455135,0.06784929321,0.000114744794,-0.0005623083799,-4.006439688e-05,-0.3589459189,0.1528343665,0.07610025813
91.3,-0.1904102077,-0.2926088808,0.1811517128,-0.1592807127,0.01407781857,0.2614578999,-0.09770644493,-0.0158417699,0.4742588743,2.084927373,9.310653347,0.1507411258,0.09939503886,0.07164147344,9.69045453e-05,0.001307695326,8.764707628e-05,-0.3415460729,0.194833175,0.07730684299
91.4,-0.1879405804,-0.2646835006,0.1700360974,-0.1600944308,0.03554203115,0.2962387993,-0.124361735,-0.0004183727159,0.4743441578,2.085166696,9.310740687,0.1506558423,0.09955563005,0.07385228075,7.754080487e-05,0.003180804558,0.0001979417434,-0.320053557,0.2346044751,0.07873676954
91.5,-0.1832606964,-0.2335302939,0.1563345469,-0.1593639063,0.05823726336,0.3259478965,-0.1493621863,0.01501955062,0.4744532223,2.085598484,9.310808064,0.1505467777,0.09988805853,0.07419601553,5.710565795e-05,0.004944274405,0.0002783367323,-0.2947157356,0.2716599318,0.08032824167
91.6,-0.1762622042,-0.1996746861,0.1402311097,-0.1570946926,0.08185823088,0.3502375618,-0.1723399223,0.03033244631,0.4745879621,2.086202029,9.310854912,0.1504120379,0.10037199,0.07257560957,3.67393501e-05,0.00647689569,0.000313803718,-0.2658275244,0.3055378651,0.08200882988
91.7,-0.1668702727,-0.1636716337,0.1219455091,-0.1533061121,0.1060407833,0.3688652195,-0.192950203,0.04538464941,0.4747490354,2.086942797,9.310882207,0.1502509646,0.1009742373,0.06908691556,1.839864538e-05,0.007656562936,0.0002876708438,-0.2337284235,0.335809255,0.08369841586
91.8,-0.1550491509,-0.1260950323,0.1017305682,-0.1480308217,0.1303687902,0.3816946977,-0.2108766241,0.06004526634,0.4749359213,2.087772663,9.310893322,0.1500640788,0.1016488664,0.06400305277,4.925694426e-06,0.008369015328,0.0001829942165,-0.1987989584,0.3620835647,0.08531276683
91.9,-0.1408069391,-0.08752710551,0.07986912505,-0.1413142985,0.1543829732,0.3886952513,-0.2258360905,0.07418889361,0.4751470229,2.088631318,9.310894908,0.1498529771,0.1023383408,0.05774098435,2.574136407e-08,0.008517156723,-1.566553296e-05,-0.1614565513,0.3840142953,0.08676759847
92,-0.1241993895,-0.04854800514,0.05667046635,-0.1332142615,0.1775914662,0.3899383495,-0.2375834781,0.08769618211,0.4753798058,2.089480064,9.310897702,0.1496201942,0.102975774,0.05081433082,8.126791616e-06,0.008030235725,-0.0003201928652,-0.1221508542,0.4013041812,0.08798293853
92.1,-0.1053325752,-0.009725838094,0.03246631284,-0.1238000433,0.1994818278,0.3855923704,-0.2459159002,0.100454262,0.4756309594,2.090282728,9.31091712,0.1493690407,0.1034882688,0.04377778223,3.410473787e-05,0.006872093512,-0.000736784859,-0.08135858426,0.413709933,0.08888756395
92.2,-0.08436429799,0.0283926791,0.007606401995,-0.1131519267,0.2195341836,0.3759153967,-0.2506764964,0.1123570478,0.4758965717,2.090983277,9.310973514,0.1491034284,0.1038012155,0.03716921969,8.287275647e-05,0.005047678133,-0.001263973711,-0.03957791127,0.421046436,0.08942325618
92.3,-0.06150414166,0.06529076019,-0.01754628107,-0.1013604546,0.2372351358,0.3612463488,-0.2517576627,0.1233054458,0.4761723097,2.091527809,9.311091949,0.1488276903,0.1038433173,0.03145572807,0.0001588525681,0.002607087257,-0.001891063562,0.002677543638,0.4231903162,0.08954860647
92.4,-0.03701211108,0.1004891304,-0.0426205647,-0.08852572397,0.2520920494,0.3419947259,-0.2491036488,0.1332074908,0.4764535987,2.091872204,9.311301416,0.1485464013,0.1035520144,0.02698908266,0.0002653652312,-0.0003534616417,-0.002597234449,0.04488503083,0.4200827874,0.08924210715
92.5,-0.01119584142,0.1335525247,-0.06724237708,-0.07475666781,0.2636473048,0.3186292557,-0.2427124556,0.1419784377,0.476735796,2.092369295,9.311633412,0.148264204,0.1028788996,0.02397510443,0.0004039978652,-0.003694129517,-0.003351528114,0.08651924049,0.4117317045,0.08850428772
92.6,0.01559359918,0.1640950093,-0.0910401847,-0.06017032955,0.2714921036,0.2916657704,-0.2326369729,0.1495408367,0.4770143582,2.093288401,9.312119905,0.1479856419,0.1017946757,0.02245964565,0.0005740172897,-0.007237557576,-0.004113861678,0.1270590336,0.3982127516,0.08735869678
92.7,0.04296724797,0.1917840663,-0.1136505047,-0.0448911294,0.2752794181,0.2616546379,-0.2189853093,0.1558246176,0.4772849984,2.094638213,9.312790771,0.1477150016,0.1002931882,0.02233208005,0.0007719094474,-0.01077841096,-0.0048371206,0.1659942462,0.3796697121,0.08585159003
92.8,0.07050502172,0.2163434123,-0.1347234083,-0.02905012088,0.2747356935,0.2291680781,-0.2019202794,0.1607672086,0.4775438342,2.096401059,9.313670865,0.1474561658,0.09839410422,0.02334524375,0.0009911226417,-0.01409589376,-0.005470270229,0.2028324729,0.356313774,0.08405025881
92.9,0.09776358359,0.2375545571,-0.1539279295,-0.01278423275,0.2696709433,0.194787684,-0.1816580246,0.1643137114,0.4777875228,2.09853189,9.314776962,0.1472124773,0.09614387919,0.0251490188,0.00122208197,-0.01696847194,-0.005962306782,0.2371057311,0.3284218449,0.08204001798
93,0.1242851256,0.2552571367,-0.1709572928,0.003764510108,0.2599869154,0.1590924531,-0.1584657609,0.1664171503,0.4780133824,2.100959209,9.316114878,0.1469866176,0.09361476863,0.02733336022,0.001452521875,-0.01918979142,-0.006266756611,0.2683769074,0.2963338633,0.07991996149
93.1,0.1496068596,0.2693480874,-0.1855338715,0.02044979492,0.2456830605,0.1226476091,-0.1326586615,0.1670388068,0.478219496,2.103588087,9.317677082,0.146780504,0.09090178807,0.02947568395,0.001668154735,-0.02058460013,-0.006346340586,0.296245884,0.2604491142,0.07779768243
93.2,0.1732709864,0.2797797516,-0.1974137927,0.03712186749,0.2268600881,0.0859944592,-0.1045958987,0.1661486506,0.4784047916,2.10630516,9.319441143,0.1465952085,0.0881176922,0.03118724248,0.001853658259,-0.02102339541,-0.006177360224,0.3203552491,0.2212215719,0.07578323476
93.3,0.1948348933,0.2865570305,-0.2063911054,0.05362842645,0.2037209647,0.04964149951,-0.0746758866,0.1637258641,0.4785690953,2.108985385,9.321369302,0.1464309048,0.08538621884,0.03215343204,0.001993926629,-0.02043453688,-0.00575334353,0.3403954938,0.1791543165,0.07398268065
93.4,0.2138813197,0.2897337162,-0.2123014362,0.06981557471,0.1765692746,0.01405693214,-0.0433307813,0.1597594603,0.4787131504,2.111500141,9.323409394,0.1462868496,0.08283401007,0.0321638475,0.002075493889,-0.01881269501,-0.005087516819,0.356109607,0.1347930835,0.07249161378
93.5,0.230028227,0.2894081518,-0.2150250596,0.0855288367,0.1458049397,-0.02033728407,-0.01102031183,0.1542489786,0.478838598,2.113726126,9.325497222,0.146161402,0.08058176473,0.031129214,0.002088007379,-0.01622274191,-0.004213744979,0.3672969858,0.08871903014,0.07138907105
93.6,0.2429381103,0.2857183762,-0.214489323,0.1006142486,0.1119173649,-0.05316977898,0.02177496984,0.1472052458,0.4789479152,2.115554398,9.327560375,0.1460520849,0.07873527941,0.02908391624,0.002025608159,-0.01279851824,-0.003185702312,0.3738165865,0.04154081641,0.07073223989
93.7,0.2523265021,0.2788369161,-0.2106703701,0.1149195269,0.07547614986,-0.0841224906,0.05456091841,0.1386511749,0.4790443103,2.11689885,9.329523319,0.1459556898,0.07737708684,0.02617452809,0.001888067681,-0.008736305326,-0.002074189889,0.3755892549,-0.006113886171,0.070552334
93.8,0.2579694334,0.2689653855,-0.2035941239,0.1282953175,0.03711957595,-0.1129317854,0.08683739059,0.1286225773,0.4791315765,2.117703423,9.331313439,0.1458684236,0.07655939351,0.02263632202,0.001681537633,-0.00428326088,-0.0009626896386,0.3725991837,-0.05360732742,0.07085194862
93.9,0.2597096438,0.2563290514,-0.1933364955,0.1405965254,-0.002458859335,-0.1393880529,0.1181060827,0.1171689529,0.4792139093,2.117949377,9.332867586,0.1457860908,0.07629894984,0.01876103245,0.001418793496,0.0002784941822,5.857648058e-05,0.3648944607,-0.1003009135,0.07160412036
94,0.2574613604,0.2411715107,-0.1800228035,0.1516837212,-0.0425255326,-0.1633338898,0.147878479,0.1043542242,0.4792956963,2.118248448,9.33413858,0.1457043037,0.07657435875,0.01486001837,0.001118890895,0.004651061768,0.0008996500886,0.3525866845,-0.1455645935,0.07275321048
94.1,0.2512135023,0.2237496135,-0.1638263981,0.1614246156,-0.08232303277,-0.1846610296,0.1756837732,0.09025737342,0.4793812908,2.119034667,9.335101064,0.1456187092,0.0773261515,0.01122733078,0.0008062044179,0.008541835831,0.001478338693,0.33584964,-0.188786241,0.07421761273
94.2,0.2410312059,0.2043287483,-0.1449665003,0.1696955923,-0.1210873343,-0.2033062023,0.2010766253,0.07497294551,0.4794747832,2.120216499,9.335756089,0.1455252168,0.07845974517,0.008107012641,0.0005088769777,0.01168485833,0.00172756786,0.3149170437,-0.2293808695,0.07589416385
94.3,0.2270556094,0.1831785859,-0.1237052797,0.1763832821,-0.1580653659,-0.2192461376,0.2236446117,0.05861137495,0.4795797857,2.121672318,9.336133898,0.1454202144,0.07985116371,0.005668280019,0.000256768476,0.01386078707,0.001601907993,0.2900793814,-0.2667995228,0.07766401643
94.4,0.2095018793,0.1605693566,-0.1003442083,0.1813861595,-0.1925325206,-0.2324919426,0.2430152344,0.04129910002,0.4796992445,2.123258371,9.336294459,0.1453007555,0.08135517201,0.003991147185,7.904937027e-05,0.01491386206,0.001082638082,0.2616798804,-0.3005376801,0.0793996285
94.5,0.1886555079,0.1367687105,-0.07521974083,0.1846161383,-0.2238096524,-0.2430830936,0.2588623566,0.02317842815,0.4798352947,2.124818656,9.336325495,0.1451647054,0.08281526178,0.003063705284,1.631650702e-06,0.01476445693,0.0001808099826,0.2301096716,-0.3301430268,0.08097243956
94.6,0.164866956,0.1120391877,-0.04869838502,0.1860001408,-0.2512791149,-0.251081287,0.2709119436,0.004407121508,0.4799891663,2.126281865,9.336337961,0.1450108338,0.08407475876,0.002790812234,4.466115017e-05,0.01341612747,-0.001062065597,0.195802212,-0.3552224468,0.08226074646
94.7,0.1385447561,0.08663630107,-0.0211712379,0.1854816094,-0.2743994199,-0.2565643875,0.2789469966,-0.01484232304,0.4801611509,2.127689177,9.336459131,0.1448388492,0.08498820741,0.003012576086,0.0002203068199,0.01095649403,-0.002575889064,0.1592270525,-0.3754481087,0.08315726831
94.8,0.1101472365,0.06080720896,0.006951927339,0.1830219308,-0.2927181295,-0.2596206985,0.2828115824,-0.03438371898,0.4803506294,2.128962671,9.336823734,0.1446493707,0.08543214572,0.003529878256,0.0005310721075,0.007551784465,-0.004266348843,0.1208830476,-0.3905625308,0.08357590083
94.9,0.08017305741,0.03478993706,0.0352489286,0.1786017386,-0.3058826419,-0.2603437603,0.2824138772,-0.05401857209,0.4805561587,2.130031192,9.337563724,0.1444438413,0.08531441253,0.004133417347,0.0009688205278,0.003435377801,-0.006021525007,0.08129111297,-0.4003825287,0.08345720715
95,0.04915078756,0.008813085781,0.06329169441,0.1722220609,-0.3136485817,-0.2588278552,0.2777281592,-0.07353780268,0.4807756097,2.130864246,9.338797515,0.1442243903,0.08458123298,0.004632442246,0.001514653833,-0.001108818845,-0.00772022607,0.0409866479,-0.4048019706,0.08277227035
95.1,0.01762776968,-0.01690405416,0.09065292823,0.1639052789,-0.3158855753,-0.2551643655,0.2687957056,-0.09272380308,0.481006344,2.132058474,9.340619533,0.143993656,0.08322149642,0.004879512178,0.002139710969,-0.005766898554,-0.009241391026,0.0005117441548,-0.4037932855,0.08152463964
95.2,-0.01384145307,-0.04215106949,0.1169128066,0.1536958627,-0.3125802533,-0.2494390963,0.255724569,-0.1113528157,0.4812454149,2.133849332,9.343091037,0.1437545852,0.08126786175,0.004788240079,0.002806875217,-0.0102177999,-0.01047377132,-0.0395926924,-0.3974076933,0.07975022798
95.3,-0.04470686913,-0.06672577576,0.1416655984,0.1416608557,-0.3038364028,-0.2417306333,0.238688228,-0.1291976083,0.4814897751,2.136166945,9.346233063,0.1435102249,0.07879457892,0.004341958855,0.003473292888,-0.01415668503,-0.01132505983,-0.07879477885,-0.3857741508,0.0775151563
95.4,-0.07443460252,-0.09043345757,0.1645260941,0.1278900769,-0.2898722622,-0.2321097645,0.2179231306,-0.1460304126,0.4817364747,2.138904739,9.350022218,0.1432635253,0.07591218108,0.003592469497,0.004093527589,-0.01731701943,-0.0117296625,-0.1165793233,-0.3690970307,0.07491167836
95.5,-0.1025181062,-0.113086104,0.1851357345,0.1124960175,-0.2710150302,-0.220639956,0.1937251668,-0.1616260864,0.4819828322,2.141927241,9.354389849,0.1430171679,0.07275945591,0.002649330679,0.004623107338,-0.01948962858,-0.01165441184,-0.152455199,-0.3476525747,0.07205245021
95.6,-0.1284886725,-0.134501742,0.2031683367,0.09561341379,-0.2476927345,-0.2073788255,0.1664451304,-0.1757654473,0.4822265676,2.145080002,9.359224838,0.1427734325,0.06949332558,0.00166136826,0.005022174508,-0.02053725788,-0.01110169171,-0.1859623055,-0.321784186,0.06906352072
95.7,-0.1519250078,-0.1545039638,0.2183353176,0.07739847857,-0.220423674,-0.1923805242,0.1364832449,-0.1882387233,0.4824658882,2.148200878,9.364379969,0.1425341119,0.0662774329,0.0007930692646,0.00525892614,-0.02040353532,-0.01010966508,-0.2166780038,-0.2918966479,0.06607650518
95.8,-0.1724616404,-0.1729217322,0.2303903286,0.05802778547,-0.1898037141,-0.1756988966,0.104282852,-0.1988490564,0.4826995228,2.151131781,9.369681497,0.1423004773,0.06327033218,0.0001991575602,0.005312537544,-0.01911569999,-0.008749549818,-0.2442229248,-0.2584493746,0.06322045812
95.9,-0.1897959653,-0.1895895344,0.2391332201,0.03769680258,-0.1564917695,-0.1573912616,0.07032336997,-0.207415992,0.4829267067,2.153729955,9.374941267,0.1420732933,0.06061420861,8.516997783e-07,0.005175295944,-0.0167809718,-0.007120149159,-0.2682660595,-0.2219488198,0.06061397864
96,-0.2036937618,-0.2043479377,0.244413272,0.01661808086,-0.1211938578,-0.1375226294,0.03511264906,-0.2137788836,0.4831471236,2.155877933,9.379970488,0.1418528764,0.0584249977,0.0002670567282,0.004853730803,-0.01357695504,-0.005340088428,-0.2885290528,-0.1829401826,0.05835806234
96.1,-0.2139930627,-0.2170445802,0.2461316343,-0.004980890648,-0.08464614156,-0.1161701518,-0.0008211418292,-0.2178001409,0.4833608142,2.157491401,9.384594063,0.1416391858,0.05678465177,0.001003074981,0.004368608806,-0.00973694506,-0.00353841478,-0.3047896403,-0.1419985628,0.05653015832
96.2,-0.220606295,-0.2275356087,0.2442429393,-0.02686014362,-0.04759740273,-0.09342758956,-0.03693795337,-0.2193682487,0.4835680657,2.158524401,9.388664341,0.1414319343,0.05573611509,0.002148421414,0.003753757118,-0.005531404053,-0.001844362719,-0.316884179,-0.09971972836,0.05517980358
96.3,-0.2235206595,-0.2356875556,0.2387560595,-0.04876997673,-0.01079140671,-0.06940957835,-0.07269446948,-0.2184004871,0.4837692968,2.15897152,9.392073117,0.1412307033,0.05528133992,0.003584123407,0.003053780114,-0.001247154022,-0.0003771611384,-0.3247092429,-0.0567106604,0.05432609572
96.4,-0.2227967597,-0.2413796235,0.2297340022,-0.07045395626,0.02505038819,-0.04425547512,-0.107552745,-0.2148452868,0.4839649518,2.159124146,9.39476087,0.1410350483,0.05538242302,0.005148625516,0.002320832975,0.002834017813,0.0007632492726,-0.3282222682,-0.01358004721,0.05395713751
96.5,-0.2185655373,-0.2445063237,0.2172929453,-0.09165213133,0.05924533086,-0.0181325791,-0.1409887167,-0.208684157,0.4841554175,2.159710333,9.396722396,0.1408445826,0.0559656878,0.006660265349,0.001610701262,0.006455645002,0.001503805346,-0.3274412531,0.02907110556,0.05403145171
96.6,-0.211023616,-0.244980399,0.2016004339,-0.1121044184,0.09116486694,0.008761461429,-0.1725004395,-0.1999331337,0.4843409714,2.160678806,9.398008306,0.1406590287,0.05692830453,0.007943384354,0.0009785007649,0.00940420415,0.001803591097,-0.3224435313,0.07065858441,0.0544812332
96.7,-0.2004271916,-0.2427359383,0.1828727739,-0.1315541045,0.1202482333,0.03619722079,-0.2016159086,-0.1886437006,0.4845217671,2.161909215,9.398722182,0.1404782329,0.05814684766,0.008854602752,0.0004743502123,0.01152278592,0.001656373409,-0.3133636543,0.1106236415,0.05521718496
96.8,-0.187084648,-0.23773158,0.1613716691,-0.1497514149,0.1460142192,0.06391317984,-0.2279003345,-0.1749031482,0.4846978567,2.163269846,9.399013537,0.1403021433,0.05948705291,0.00930569239,0.0001393770292,0.01271989427,0.001090236576,-0.3003904356,0.1484410874,0.05613458512
96.9,-0.1713481048,-0.2299536872,0.1374001626,-0.1664570871,0.1680707106,0.09161662044,-0.2509627512,-0.1588343442,0.4848692465,2.164627677,9.399067097,0.1401307536,0.0608139658,0.009279842183,2.392205452e-06,0.01297288518,0.0001644073654,-0.2837632184,0.1836266728,0.05712015954
97,-0.1536041317,-0.2194193697,0.1112979568,-0.1814458921,0.1861217967,0.1189857891,-0.2704618535,-0.1405949021,0.4850359769,2.165943869,9.399089203,0.1399640231,0.06200167337,0.008838889068,7.751636221e-05,0.01232601316,-0.001036391694,-0.2637674474,0.2157436429,0.05805929288
97.1,-0.1342638797,-0.2061792264,0.08343619012,-0.1945100422,0.1999722864,0.1456733468,-0.28611097,-0.1203757459,0.4851982163,2.167281719,9.399292414,0.1398017838,0.06294187787,0.008120191927,0.0003629600095,0.01088349518,-0.002409512572,-0.2407296289,0.2444083711,0.05884310305
97.2,-0.1137528952,-0.1903196779,0.05421176434,-0.2054624257,0.2095295536,0.1713110765,-0.2976821019,-0.09839908226,0.4853563532,2.16858303,9.399879506,0.1396436469,0.06355069872,0.007323124197,0.0008410637987,0.008798390032,-0.003843171397,-0.2150117784,0.269294992,0.05937492879
97.3,-0.09250088246,-0.1719647696,0.02404131613,-0.2141396096,0.2148027038,0.1955157791,-0.3050089715,-0.07491580123,0.4855110758,2.169793132,9.401028154,0.1394889242,0.06377326209,0.006686494824,0.001479597995,0.00625839484,-0.005225665496,-0.187005456,0.2901389817,0.05957583464
97.4,-0.07093168158,-0.1512773298,-0.006645064695,-0.2204045556,0.2158991288,0.2178962429,-0.307989045,-0.05020234286,0.4856634243,2.170866404,9.402877494,0.1393365757,0.0635858395,0.006459411647,0.002234214008,0.003469856145,-0.006454212659,-0.1571254988,0.306739649,0.05938881732
97.5,-0.04945371611,-0.1284593829,-0.03741026738,-0.224148998,0.2130185855,0.2380611321,-0.3065845136,-0.0245570745,0.4858148078,2.171768601,9.405517639,0.1391851923,0.06299550989,0.006869024526,0.00305184415,0.0006413696033,-0.007442668366,-0.1258035588,0.3189615272,0.05878149561
97.6,-0.02845114826,-0.1037517367,-0.06781663842,-0.2252954366,0.2064450014,0.2556276071,-0.3008222362,0.001703763401,0.4859669792,2.172636269,9.408982949,0.1390330209,0.06203752284,0.008089107325,0.003874767384,-0.002031702167,-0.008127503873,-0.09348155644,0.3267346748,0.05774717457
97.7,-0.008275956523,-0.07743267913,-0.09743240299,-0.2237987063,0.1965362712,0.270230453,-0.2907926652,0.0282504767,0.4861219683,2.173793075,9.413249566,0.1388780318,0.06077071835,0.01021348471,0.004645005569,-0.004380618886,-0.008471607522,-0.06060515748,0.3300539159,0.05630428626
97.8,0.01075887884,-0.04981574747,-0.1258379296,-0.219647089,0.1837123588,0.2815314726,-0.2766477941,0.05474462744,0.4862819752,2.175179771,9.418237352,0.1387180249,0.05927149563,0.01323786437,0.005308691004,-0.00627363047,-0.008465684768,-0.02761737666,0.328977068,0.0544943154
97.9,0.02838493052,-0.02124655574,-0.1526317429,-0.212862943,0.1684420622,0.2892288786,-0.2585981836,0.08084395309,0.4864492333,2.176711644,9.423816046,0.1385507668,0.05762691026,0.01705273945,0.00582005365,-0.007622705442,-0.008127257866,0.00504759321,0.3236222258,0.05237841163
98,0.04438250471,0.007901305628,-0.1774361959,-0.2035028344,0.1512288334,0.2930664126,-0.236909136,0.1062074091,0.4866258531,2.178300466,9.429815071,0.1383741469,0.05592751096,0.02144877677,0.006144714135,-0.00838634583,-0.007497482129,0.03697023683,0.3141641813,0.05003296561
98.1,0.05858337349,0.03723125677,-0.1999027206,-0.1916571611,0.1325960626,0.2928419121,-0.2118961025,0.1305002459,0.4868136613,2.179861252,9.436036192,0.1381863388,0.05426050488,0.02613464519,0.006262032516,-0.008568559577,-0.006636181917,0.06775117479,0.3008300769,0.04754447842
98.2,0.07087202637,0.06632953327,-0.2197165845,-0.1774492717,0.1130722494,0.2884150574,-0.1839194155,0.1533990296,0.4870140494,2.181318182,9.442267966,0.1379859506,0.05270376872,0.03076573459,0.006166346707,-0.008214376968,-0.005615649547,0.09701615321,0.2838943972,0.04500408137
98.3,0.08118545069,0.09477171389,-0.2366010914,-0.1610340882,0.09317647697,0.2797140403,-0.153378452,0.1745965182,0.4872278476,2.182609267,9.448300852,0.1377721525,0.05132111229,0.03498084907,0.005867030504,-0.007402557605,-0.004513832658,0.1244205043,0.2636734134,0.0425020654
98.4,0.08951149155,0.1221298513,-0.2503211741,-0.1425962528,0.07340459354,0.2667409204,-0.1207053351,0.1938063054,0.4874552344,2.18368949,9.45394179,0.1375447656,0.0501590633,0.03844289269,0.005387400498,-0.006236319673,-0.003407554926,0.1496530287,0.2405191995,0.04012275717
98.5,0.09588588107,0.1479800645,-0.2606863393,-0.1223478243,0.05421647719,0.2495754653,-0.08635828705,0.2107671505,0.4876956929,2.184532319,9.459027162,0.1373043072,0.04924529205,0.04087893818,0.004762595016,-0.004833022413,-0.002366372542,0.1724392638,0.2148133426,0.03794003593
98.6,0.1003880626,0.1719104314,-0.267552935,-0.1005255615,0.03602472541,0.2283773033,-0.05081475092,0.2252469186,0.4879480158,2.185129607,9.4634332,0.1370519843,0.04858864622,0.04211496346,0.004036628436,-0.003313743351,-0.001447571628,0.1925441117,0.1869604674,0.03601372566
98.7,0.1031359678,0.1935290082,-0.270825723,-0.07738783429,0.01918506324,0.2033862643,-0.01456439181,0.2370460629,0.4882103615,2.185490053,9.467083142,0.1367896386,0.04818063273,0.04210098424,0.003258884311,-0.001793619672,-0.0006926721118,0.2097738163,0.157381695,0.03438702596
98.8,0.1042799303,0.2124717872,-0.2704587506,-0.05321121179,0.003988710974,0.1749208262,0.02189790845,0.2460005897,0.4884803546,2.18563651,9.469950728,0.1365196454,0.0479980759,0.04092326592,0.002480345985,-0.0003736810723,-0.0001256373294,0.2239772874,0.126508147,0.03308506827
98.9,0.1039959427,0.228410404,-0.2664555257,-0.02828678253,-0.009343108413,0.1433746364,0.058078958,0.2519844586,0.4887552231,2.185684649,9.472059918,0.1362447769,0.04800660766,0.03880166774,0.001749871941,0.0008652920578,0.0002471863687,0.2350467819,0.09477460234,0.03211460746
99,0.1024784754,0.2410594008,-0.2588685103,-0.002916263899,-0.02066240667,0.1092111293,0.09349396264,0.2549113793,0.4890319598,2.185858987,9.473481034,0.1359680403,0.04816460839,0.03607180824,0.001110805108,0.001866574592,0.000435541793,0.2429179619,0.06261340225,0.03146478717
99.1,0.0999330873,0.2501828597,-0.2477979572,0.02259203652,-0.02989536474,0.07295631237,0.1276729431,0.25473598,0.4893074941,2.186130686,9.474323786,0.135692506,0.04842721842,0.03315346158,0.0005981638136,0.002598886602,0.0004624277846,0.2475693603,0.03044868807,0.03110885539
99.2,0.09656905766,0.2556002268,-0.2333901226,0.04792734456,-0.03704098477,0.03518984441,0.1601667792,0.2514543348,0.4895788618,2.186457731,9.474727851,0.1354211382,0.04875007436,0.03050820543,0.0002366016253,0.003055503243,0.0003603473908,0.2490212891,-0.001308953902,0.0310066579
99.3,0.09259226329,0.2571911669,-0.2158348967,0.07278056355,-0.0421675472,-0.003465420633,0.1905528098,0.245103847,0.4898433575,2.186802105,9.474851858,0.1351566426,0.049092487,0.02859065368,3.925034469e-05,0.003251404206,0.0001670821568,0.2473342355,-0.032267381,0.03110770395
99.4,0.08819851381,0.2548993045,-0.195362898,0.09684837506,-0.04540702425,-0.04235520733,0.2184399262,0.2357625021,0.4900986608,2.18713446,9.47486167,0.1349013393,0.0494198588,0.0277984672,7.482009956e-06,0.003218919975,-7.855289186e-05,0.2426067939,-0.06205726908,0.03135458055
99.5,0.0835675392,0.2487347313,-0.1722420871,0.1198372342,-0.0469476598,-0.08080665237,0.2434731112,0.2235475102,0.4903429286,2.18746781,9.474918876,0.1346570714,0.04970522952,0.02842663271,0.0001315490776,0.003002415827,-0.0003405554605,0.2349731888,-0.09033594046,0.03168649081
99.6,0.07885780037,0.2387751904,-0.1467739544,0.1414672002,-0.04702497768,-0.1181419075,0.265337385,0.2086133738,0.4905748501,2.187798143,9.475170314,0.13442515,0.04992993018,0.03063118934,0.0003919936945,0.002652582058,-0.0005888411257,0.2246004417,-0.1167906245,0.03204270419
99.7,0.07420226484,0.2251658745,-0.1192893456,0.1614755463,-0.04591152417,-0.1536921948,0.2837611313,0.1911494217,0.490793664,2.188112168,9.47573933,0.1342063361,0.05008340756,0.03440668441,0.0007616625657,0.002220873687,-0.0008013698743,0.2116852414,-0.1411411432,0.03236573187
99.8,0.06970525742,0.2081178096,-0.09014398466,0.1796200993,-0.04390568479,-0.1868119804,0.2985187884,0.1713768642,0.4909991437,2.188399814,9.476719267,0.1340008563,0.05016234922,0.03958024392,0.001208127246,0.001754572609,-0.0009651772801,0.1964505746,-0.1631420256,0.0326040744
99.9,0.06544046046,0.1879048296,-0.05971376121,0.1956822622,-0.0413199393,-0.2168929221,0.3094328991,0.1495454253,0.4911915562,2.188654518,9.478169486,0.1338084439,0.05016928663,0.04582339401,0.001696292691,0.001292841211,-0.001076316668,0.1791421726,-0.1825840653,0.03271442945
100,0.06145010091,0.1648591826,-0.02838984365,0.2094696824,-0.03846893192,-0.2433772473,0.3163755251,0.1259296207,0.4913716024,2.188873128,9.480114001,0.1336283976,0.05011087937,0.05268085587,0.002190979649,0.0008640116778,-0.00113883104,0.160024829,-0.1992953446,0.03266329013
